,athMarketCap,maMarketCap60s,priceChangeFromStart,timeFromStart,trade_last5Seconds.tradeCount.buy.small,marketCap,marketCapChange60s,trade_last10Seconds.tradeCount.buy.medium,priceChangePercent,trade_last5Seconds.tradeCount.sell.super,trade_last10Seconds.volume.bot,trade_last5Seconds.tradeCount.buy.super,trade_last10Seconds.tradeCount.sell.super,trade_last5Seconds.volume.buy,trade_last5Seconds.volume.sell,trade_last5Seconds.tradeCount.buy.large,largeBuy10s,marketCapChange10s,trade_last10Seconds.volume.buy,largeBuy5s,maMarketCap10s,netVolume10s,holderDelta10s,holdersGrowthFromStart,holderDelta60s,trade_last10Seconds.tradeCount.buy.super,holderDelta5s,trade_last10Seconds.tradeCount.sell.large,trade_last5Seconds.tradeCount.buy.big,trade_last10Seconds.tradeCount.buy.large,trade_last10Seconds.tradeCount.sell.big,trade_last5Seconds.tradeCount.sell.small,originalTimestamp,trade_last10Seconds.tradeCount.bot,trade_last5Seconds.tradeCount.sell.big,initialHoldersCount,trade_last10Seconds.volume.sell,trade_last10Seconds.tradeCount.sell.medium,trade_last5Seconds.tradeCount.sell.large,buyVolume10s,creationTime,poolAddress,marketCapChange30s,superBuy5s,bigBuy5s,netVolume5s,currentPrice,trade_last5Seconds.tradeCount.sell.medium,trade_last5Seconds.tradeCount.buy.medium,trade_last10Seconds.tradeCount.sell.small,marketCapChange5s,buyVolume5s,trade_last5Seconds.volume.bot,trade_last10Seconds.tradeCount.buy.small,minMarketCap,holderDelta30s,trade_last10Seconds.tradeCount.buy.big,holdersCount,superBuy10s,maMarketCap30s,bigBuy10s,trade_last5Seconds.tradeCount.bot,timestamp,doc_id,lastPrice,totalVolume
99,93935.3034262288,25727.33501834517,-76.18296952022828,481,0,21817.132257472887,-26.465366955376897,0,0.0,0,0,0,0,0.0,0.0,0,0,-1.3044085401552794,0.043338281,0,21867.666081637984,-0.31438089,0,0,-6,0,0,0,0,0,0,0,2025-01-30 21:29:01.600000+00:00,0,0,100,0.357719171,0,0,0.043338281,2025-01-30T21:21:00.000Z,12qbvNxwtXahXwCumrne6qCikF9fMcrAyDmq2G9LQETY,-21.164693316600086,0,0,0.0,2.18171322574e-05,0,0,3,-0.2064162040763681,0.0,0,1,21813.618171119975,-2,0,96,0,22704.22369467002,0,0,2025-01-30 21:29:01.600000+00:00,marketContext_0000000398,2.18171322574e-05,0.0
98,93935.3034262288,25481.628374993037,-76.18296952022828,483,0,21817.132257472887,-26.465366955376897,0,0.0,0,0,0,0,0.0,0.0,0,0,-0.1842179616583709,0.043338281,0,21827.36705897335,0.004475307,0,0,-6,0,0,0,0,0,0,0,2025-01-30 21:29:03.376000+00:00,0,0,100,0.038862974,0,0,0.043338281,2025-01-30T21:21:00.000Z,12qbvNxwtXahXwCumrne6qCikF9fMcrAyDmq2G9LQETY,-6.330491088497849,0,0,0.0,2.18171322574e-05,0,0,1,0.0,0.0,0,1,21813.618171119975,-2,0,96,0,22640.11617315404,0,0,2025-01-30 21:29:03.376000+00:00,marketContext_0000000399,2.18171322574e-05,0.0
97,93935.3034262288,25318.043774557886,-76.18296952022828,485,0,21817.132257472887,-26.465366955376897,0,0.0,0,0,0,0,0.0,0.0,0,0,0.0161095987164657,0.043338281,0,21823.579006929,0.043338281,0,0,-3,0,0,0,0,0,0,0,2025-01-30 21:29:05.004000+00:00,0,0,100,0.0,0,0,0.043338281,2025-01-30T21:21:00.000Z,12qbvNxwtXahXwCumrne6qCikF9fMcrAyDmq2G9LQETY,-14.058209688829812,0,0,0.0,2.18171322574e-05,0,0,0,0.0,0.0,0,1,21813.618171119975,0,0,96,0,22484.950571871963,0,0,2025-01-30 21:29:05.004000+00:00,marketContext_0000000400,2.18171322574e-05,0.0
96,93935.3034262288,25154.45917412273,-76.18296952022828,486,0,21817.132257472887,-26.465366955376897,0,0.0,0,0,0,0,0.0,0.0,0,0,-0.2064162040763681,0.0,0,21822.773163246984,0.0,0,0,-3,0,0,0,0,0,0,0,2025-01-30 21:29:06.161000+00:00,0,0,100,0.0,0,0,0.0,2025-01-30T21:21:00.000Z,12qbvNxwtXahXwCumrne6qCikF9fMcrAyDmq2G9LQETY,-14.058209688829812,0,0,0.0,2.18171322574e-05,0,0,0,0.0,0.0,0,0,21813.618171119975,0,0,96,0,22329.784970589888,0,0,2025-01-30 21:29:06.161000+00:00,marketContext_0000000401,2.18171322574e-05,0.0
95,93935.3034262288,24990.87457368758,-76.18296952022828,487,0,21817.132257472887,-25.853982848577505,0,0.0,0,0,0,0,0.0,0.040055835,0,0,0.0,0.0,0,21817.132257472887,-0.040055835,0,0,-3,0,0,0,0,0,0,1,2025-01-30 21:29:07.323000+00:00,0,0,100,0.040055835,0,0,0.0,2025-01-30T21:21:00.000Z,12qbvNxwtXahXwCumrne6qCikF9fMcrAyDmq2G9LQETY,-6.330491088497849,0,0,-0.040055835,2.18171322574e-05,0,0,1,0.0,0.0,0,0,21813.618171119975,0,0,96,0,22265.67744907391,0,0,2025-01-30 21:29:07.323000+00:00,marketContext_0000000402,2.18171322574e-05,0.040055835
94,93935.3034262288,24832.386693718832,-76.18296952022828,488,0,21817.132257472887,-25.239056720635737,0,0.0,0,0,0,0,0.0,0.040055835,0,0,0.0,0.0,0,21817.132257472887,-0.040055835,0,0,-3,0,0,0,0,0,0,1,2025-01-30 21:29:08.554000+00:00,0,0,100,0.040055835,0,0,0.0,2025-01-30T21:21:00.000Z,12qbvNxwtXahXwCumrne6qCikF9fMcrAyDmq2G9LQETY,-6.330491088497849,0,0,-0.040055835,2.18171322574e-05,0,0,1,0.0,0.0,0,0,21813.618171119975,0,0,96,0,22201.56992755793,0,0,2025-01-30 21:29:08.554000+00:00,marketContext_0000000403,2.18171322574e-05,0.08011167
93,93935.3034262288,24678.940975502945,-76.18296952022828,489,0,21817.132257472887,-25.239056720635737,0,0.0,0,0,0,0,0.0,0.040055835,0,0,0.0,0.0,0,21817.132257472887,-0.040055835,0,0,-3,0,0,0,0,0,0,1,2025-01-30 21:29:09.814000+00:00,0,0,100,0.040055835,0,0,0.0,2025-01-30T21:21:00.000Z,12qbvNxwtXahXwCumrne6qCikF9fMcrAyDmq2G9LQETY,-6.330491088497849,0,0,-0.040055835,2.18171322574e-05,0,0,1,0.0,0.0,0,0,21813.618171119975,0,0,96,0,22137.462406041956,0,0,2025-01-30 21:29:09.814000+00:00,marketContext_0000000404,2.18171322574e-05,0.120167505
92,93935.3034262288,24525.495257287057,-76.18296952022828,491,0,21817.132257472887,-25.239056720635737,0,0.0,0,0,0,0,0.0,0.040055835,0,0,0.0,0.0,0,21817.132257472887,-0.040055835,0,0,-5,0,0,0,0,0,0,1,2025-01-30 21:29:11.033000+00:00,0,0,100,0.040055835,0,0,0.0,2025-01-30T21:21:00.000Z,12qbvNxwtXahXwCumrne6qCikF9fMcrAyDmq2G9LQETY,-6.330491088497849,0,0,-0.040055835,2.18171322574e-05,0,0,1,0.0,0.0,0,0,21813.618171119975,-2,0,94,0,22073.354884525976,0,0,2025-01-30 21:29:11.033000+00:00,marketContext_0000000405,2.18171322574e-05,0.16022334
91,93935.3034262288,24372.04953907117,-76.18296952022828,492,0,21817.132257472887,-23.58551134464624,0,0.0,0,0,0,0,0.0,0.040055835,0,0,0.0,0.0,0,21817.132257472887,-0.040055835,0,0,-5,0,0,0,0,0,0,1,2025-01-30 21:29:12.060000+00:00,0,0,100,0.040055835,0,0,0.0,2025-01-30T21:21:00.000Z,12qbvNxwtXahXwCumrne6qCikF9fMcrAyDmq2G9LQETY,-6.330491088497849,0,0,-0.040055835,2.18171322574e-05,0,0,1,0.0,0.0,0,0,21813.618171119975,-2,0,94,0,22009.24736301,0,0,2025-01-30 21:29:12.060000+00:00,marketContext_0000000406,2.18171322574e-05,0.20027917499999998
90,93935.3034262288,24234.107838562322,-76.05993055713482,493,0,21929.839730930264,-21.487644831327383,0,0.516600771023761,0,0,0,0,0.0,0.0,0,0,0.516600771023761,0.0,0,21829.65531007926,-0.040055835,0,0,-5,0,0,0,0,0,0,0,2025-01-30 21:29:13.198000+00:00,0,0,100,0.040055835,0,0,0.0,2025-01-30T21:21:00.000Z,12qbvNxwtXahXwCumrne6qCikF9fMcrAyDmq2G9LQETY,-2.749549876021201,0,0,0.0,2.19298397309e-05,0,0,1,0.516600771023761,0.0,0,0,21813.618171119975,-2,0,94,0,21982.289987788074,0,0,2025-01-30 21:29:13.198000+00:00,marketContext_0000000407,2.18171322574e-05,0.20027917499999998
89,93935.3034262288,24109.06897091802,-76.05993055713482,494,0,21929.839730930264,-21.14928988021317,0,0.0,0,0,0,0,0.0,0.0,0,0,0.516600771023761,0.0,0,21842.178362685638,-0.040055835,0,0,-5,0,0,0,0,0,0,0,2025-01-30 21:29:14.216000+00:00,0,0,100,0.040055835,0,0,0.0,2025-01-30T21:21:00.000Z,12qbvNxwtXahXwCumrne6qCikF9fMcrAyDmq2G9LQETY,-2.628833714836966,0,0,0.0,2.19298397309e-05,0,0,1,0.516600771023761,0.0,0,0,21813.618171119975,-2,0,94,0,21980.104560418997,0,0,2025-01-30 21:29:14.216000+00:00,marketContext_0000000408,2.19298397309e-05,0.20027917499999998
88,93935.3034262288,23986.527129720194,-76.05993055713482,495,1,21929.839730930264,-21.14928988021317,0,0.0,0,0,0,0,0.100214685,0.0,0,0,0.516600771023761,0.100214685,0,21854.701415292013,0.06015885,0,0,-5,0,0,0,0,0,0,0,2025-01-30 21:29:15.272000+00:00,0,0,100,0.040055835,0,0,0.100214685,2025-01-30T21:21:00.000Z,12qbvNxwtXahXwCumrne6qCikF9fMcrAyDmq2G9LQETY,-2.628833714836966,0,0,0.100214685,2.19298397309e-05,0,0,1,0.516600771023761,0.100214685,0,1,21813.618171119975,0,0,94,0,21955.435252824725,0,0,2025-01-30 21:29:15.272000+00:00,marketContext_0000000409,2.19298397309e-05,0.30049386
87,93935.3034262288,23862.739678463295,-76.05993055713482,496,1,21929.839730930264,-21.14928988021317,0,0.0,0,0,0,0,0.100214685,0.0,0,0,0.516600771023761,0.100214685,0,21867.224467898388,0.06015885,0,0,-5,0,0,0,0,0,0,0,2025-01-30 21:29:16.624000+00:00,0,0,100,0.040055835,0,0,0.100214685,2025-01-30T21:21:00.000Z,12qbvNxwtXahXwCumrne6qCikF9fMcrAyDmq2G9LQETY,-2.5400917557509186,0,0,0.100214685,2.19298397309e-05,0,0,1,0.516600771023761,0.100214685,0,1,21813.618171119975,0,0,94,0,21954.41143194895,0,0,2025-01-30 21:29:16.624000+00:00,marketContext_0000000410,2.19298397309e-05,0.40070854499999997
86,93935.3034262288,23763.959542598754,-74.81481748875483,497,1,23070.401586927634,-17.048297196983956,0,5.2009584656868055,0,0,0,0,0.100214685,0.0,0,0,5.74442742824493,0.100214685,0,22006.47661561558,0.100214685,0,0,-5,0,0,0,0,0,0,0,2025-01-30 21:29:17.788000+00:00,0,0,100,0.0,0,0,0.100214685,2025-01-30T21:21:00.000Z,12qbvNxwtXahXwCumrne6qCikF9fMcrAyDmq2G9LQETY,2.5287575927289474,0,0,0.100214685,2.30704015869e-05,0,0,0,5.2009584656868055,0.100214685,0,1,21813.618171119975,0,0,94,0,21977.17166217118,0,0,2025-01-30 21:29:17.788000+00:00,marketContext_0000000411,2.19298397309e-05,0.5009232299999999
85,93935.3034262288,23665.17940673421,-74.81481748875483,498,1,23070.401586927634,-17.048297196983956,0,0.0,0,0,0,0,0.100214685,0.0,0,0,5.74442742824493,0.100214685,0,22145.728763332776,0.100214685,0,0,-4,0,0,0,0,0,0,0,2025-01-30 21:29:18.941000+00:00,0,0,100,0.0,0,0,0.100214685,2025-01-30T21:21:00.000Z,12qbvNxwtXahXwCumrne6qCikF9fMcrAyDmq2G9LQETY,3.0110695536389547,0,0,0.100214685,2.30704015869e-05,0,0,0,5.2009584656868055,0.100214685,0,1,21813.618171119975,1,0,95,0,21999.93189239341,0,0,2025-01-30 21:29:18.941000+00:00,marketContext_0000000412,2.30704015869e-05,0.6011379149999999
84,93935.3034262288,23566.39927086966,-74.81481748875483,500,0,23070.401586927634,-17.048297196983956,0,0.0,0,0,0,0,0.0,0.0,0,0,5.74442742824493,0.100214685,0,22284.980911049966,0.100214685,0,0,-4,0,0,0,0,0,0,0,2025-01-30 21:29:20.312000+00:00,0,0,100,0.0,0,0,0.100214685,2025-01-30T21:21:00.000Z,12qbvNxwtXahXwCumrne6qCikF9fMcrAyDmq2G9LQETY,3.0110695536389547,0,0,0.0,2.30704015869e-05,0,0,0,5.2009584656868055,0.0,0,1,21813.618171119975,1,0,95,0,22026.906307515837,0,0,2025-01-30 21:29:20.312000+00:00,marketContext_0000000413,2.30704015869e-05,0.6011379149999999
83,93935.3034262288,23467.619135005116,-74.81481748875483,501,0,23070.401586927634,-17.048297196983956,0,0.0,0,0,0,0,0.0,0.0,0,0,5.74442742824493,0.100214685,0,22424.233058767164,0.100214685,0,0,-4,0,0,0,0,0,0,0,2025-01-30 21:29:21.602000+00:00,0,0,100,0.0,0,0,0.100214685,2025-01-30T21:21:00.000Z,12qbvNxwtXahXwCumrne6qCikF9fMcrAyDmq2G9LQETY,4.365088086132602,0,0,0.0,2.30704015869e-05,0,0,0,5.2009584656868055,0.0,0,1,21813.618171119975,1,0,95,0,22053.880722638263,0,0,2025-01-30 21:29:21.602000+00:00,marketContext_0000000414,2.30704015869e-05,0.6011379149999999
82,93935.3034262288,23368.838999140567,-74.81481748875483,502,0,23070.401586927634,-17.048297196983956,0,0.0,0,0,0,0,0.0,0.0,0,0,5.2009584656868055,0.100214685,0,22563.485206484354,0.100214685,0,0,-4,0,0,0,0,0,0,0,2025-01-30 21:29:22.721000+00:00,0,0,100,0.0,0,0,0.100214685,2025-01-30T21:21:00.000Z,12qbvNxwtXahXwCumrne6qCikF9fMcrAyDmq2G9LQETY,5.336062491825637,0,0,0.0,2.30704015869e-05,0,0,0,0.0,0.0,0,1,21813.618171119975,1,0,95,0,22092.477666101306,0,0,2025-01-30 21:29:22.721000+00:00,marketContext_0000000415,2.30704015869e-05,0.6011379149999999
81,93935.3034262288,23270.058863276023,-74.81481748875483,503,0,23070.401586927634,-17.048297196983956,2,0.0,0,0,0,0,3.0,0.995130799,0,0,5.2009584656868055,3.100214685,0,22690.214301595177,2.105083886,0,0,-3,0,0,0,0,0,0,0,2025-01-30 21:29:23.784000+00:00,0,0,100,0.995130799,1,0,3.100214685,2025-01-30T21:21:00.000Z,12qbvNxwtXahXwCumrne6qCikF9fMcrAyDmq2G9LQETY,5.5496271994693025,0,0,2.004869201,2.30704015869e-05,1,2,0,0.0,3.0,0,1,21813.618171119975,1,0,95,0,22139.22522877535,0,0,2025-01-30 21:29:23.784000+00:00,marketContext_0000000416,2.30704015869e-05,2.606007116
80,93935.3034262288,23203.088729708594,-73.1479737580624,504,1,24597.281697189173,-11.558262502745276,2,6.618350809839031,0,0,0,0,3.2985,0.995130799,0,0,12.16352695225901,3.398714685,0,22986.596742290607,2.403583886,0,0,-3,0,0,0,0,0,0,0,2025-01-30 21:29:24.807000+00:00,0,0,100,0.995130799,1,0,3.398714685,2025-01-30T21:21:00.000Z,12qbvNxwtXahXwCumrne6qCikF9fMcrAyDmq2G9LQETY,12.761127036479497,0,0,2.303369201,2.45972816971e-05,1,2,0,6.61835080983903,3.2985,0,2,21813.618171119975,1,0,95,0,22248.820596277452,0,0,2025-01-30 21:29:24.807000+00:00,marketContext_0000000417,2.30704015869e-05,4.9093763169999995
79,93935.3034262288,23134.73169299696,-73.22064746582882,505,1,24530.710346267497,-11.651639165672474,2,-0.27064515396952527,0,0,0,0,3.2985,1.106137423,0,0,11.85996180204142,3.2985,0,23275.582366216968,2.192362577,0,0,-2,0,0,0,0,0,0,3,2025-01-30 21:29:25.959000+00:00,0,0,100,1.106137423,1,0,3.2985,2025-01-30T21:21:00.000Z,12qbvNxwtXahXwCumrne6qCikF9fMcrAyDmq2G9LQETY,12.205741324012717,0,0,2.192362577,2.45307103462e-05,1,2,3,6.329793410129973,3.2985,0,1,21813.618171119975,1,0,96,0,22357.504283283353,0,0,2025-01-30 21:29:25.959000+00:00,marketContext_0000000418,2.45972816971e-05,7.1017388939999995
78,93935.3034262288,23065.162144880895,-73.33435192045691,507,1,24426.55356958655,-11.735657136273575,2,-0.42459747480078525,0,0,0,0,3.2985,1.106137423,0,0,5.87831979234967,3.2985,0,23552.995014956556,2.192362577,0,0,-2,0,0,0,0,0,0,3,2025-01-30 21:29:27.212000+00:00,0,0,100,1.106137423,1,0,3.2985,2025-01-30T21:21:00.000Z,12qbvNxwtXahXwCumrne6qCikF9fMcrAyDmq2G9LQETY,11.960423035066285,0,0,2.192362577,2.44265535695e-05,1,2,3,5.87831979234967,3.2985,0,1,21813.618171119975,1,0,96,0,22460.07604592019,0,0,2025-01-30 21:29:27.212000+00:00,marketContext_0000000419,2.45307103462e-05,9.294101471
77,93935.3034262288,22997.500417899577,-73.33435192045691,508,1,24426.55356958655,-11.735657136273575,2,0.0,0,0,0,0,0.2985,0.111006624,0,0,5.87831979234967,3.2985,0,23703.678568585325,2.192362577,0,0,-2,0,0,0,0,0,0,3,2025-01-30 21:29:28.463000+00:00,0,0,100,1.106137423,1,0,3.2985,2025-01-30T21:21:00.000Z,12qbvNxwtXahXwCumrne6qCikF9fMcrAyDmq2G9LQETY,11.960423035066285,0,0,0.187493376,2.44265535695e-05,0,0,3,5.87831979234967,0.2985,0,1,21813.618171119975,1,0,96,0,22564.452898404736,0,0,2025-01-30 21:29:28.463000+00:00,marketContext_0000000420,2.44265535695e-05,9.481594847
76,93935.3034262288,22929.838690918255,-73.33435192045691,509,0,24426.55356958655,-11.735657136273575,2,0.0,0,0,0,0,0.0,0.111006624,0,0,5.87831979234967,3.2985,0,23854.362122214094,2.192362577,0,0,-2,0,0,0,0,0,0,3,2025-01-30 21:29:29.764000+00:00,0,0,100,1.106137423,1,0,3.2985,2025-01-30T21:21:00.000Z,12qbvNxwtXahXwCumrne6qCikF9fMcrAyDmq2G9LQETY,11.960423035066285,0,0,-0.111006624,2.44265535695e-05,0,0,3,-0.6940934762808852,0.0,0,1,21813.618171119975,1,0,96,0,22668.82975088928,0,0,2025-01-30 21:29:29.764000+00:00,marketContext_0000000421,2.44265535695e-05,9.592601471
75,93935.3034262288,22862.17696393694,-73.33435192045691,510,0,24426.55356958655,-11.735657136273575,2,0.0,0,0,0,0,0.0,0.0,0,0,5.87831979234967,3.2985,0,24005.045675842863,2.192362577,0,0,-2,0,0,0,0,0,0,0,2025-01-30 21:29:30.973000+00:00,0,0,100,1.106137423,1,0,3.2985,2025-01-30T21:21:00.000Z,12qbvNxwtXahXwCumrne6qCikF9fMcrAyDmq2G9LQETY,11.960423035066285,0,0,0.0,2.44265535695e-05,0,0,3,-0.4245974748007852,0.0,0,1,21813.618171119975,1,0,96,0,22773.206603373827,0,0,2025-01-30 21:29:30.973000+00:00,marketContext_0000000422,2.44265535695e-05,9.592601471
74,93935.3034262288,22794.51523695562,-73.33435192045691,512,0,24426.55356958655,-11.735657136273575,2,0.0,0,0,0,0,0.0,0.0,0,0,5.87831979234967,3.2985,0,24155.72922947163,2.192362577,0,0,-2,0,0,0,0,0,0,0,2025-01-30 21:29:32.039000+00:00,0,0,100,1.106137423,1,0,3.2985,2025-01-30T21:21:00.000Z,12qbvNxwtXahXwCumrne6qCikF9fMcrAyDmq2G9LQETY,11.960423035066285,0,0,0.0,2.44265535695e-05,0,0,3,0.0,0.0,0,1,21813.618171119975,1,0,96,0,22877.583455858377,0,0,2025-01-30 21:29:32.039000+00:00,marketContext_0000000423,2.44265535695e-05,9.592601471
73,93935.3034262288,22818.159993564917,-73.33435192045691,513,0,24426.55356958655,4.87277843218692,0,0.0,0,0,0,0,0.0,0.0,0,0,5.87831979234967,0.2985,0,24306.4127831004,0.187493376,0,0,-2,0,0,0,0,0,0,0,2025-01-30 21:29:33.331000+00:00,0,0,100,0.111006624,0,0,0.2985,2025-01-30T21:21:00.000Z,12qbvNxwtXahXwCumrne6qCikF9fMcrAyDmq2G9LQETY,11.960423035066285,0,0,0.0,2.44265535695e-05,0,0,3,0.0,0.0,0,1,21813.618171119975,1,0,96,0,22937.159229463305,0,0,2025-01-30 21:29:33.331000+00:00,marketContext_0000000424,2.44265535695e-05,9.592601471
72,93935.3034262288,22798.172753619623,-73.33435192045691,514,0,24426.55356958655,-3.779208003704248,0,0.0,0,0,0,0,0.0,0.0,0,0,-0.6940934762808852,0.0,0,24439.573166671667,-0.111006624,0,0,-2,0,0,0,0,0,0,0,2025-01-30 21:29:34.872000+00:00,0,0,100,0.111006624,0,0,0.0,2025-01-30T21:21:00.000Z,12qbvNxwtXahXwCumrne6qCikF9fMcrAyDmq2G9LQETY,11.960423035066285,0,0,0.0,2.44265535695e-05,0,0,3,0.0,0.0,0,0,21813.618171119975,1,0,96,0,23037.52158762152,0,0,2025-01-30 21:29:34.872000+00:00,marketContext_0000000425,2.44265535695e-05,9.592601471
71,93935.3034262288,22778.18551367433,-73.33435192045691,516,0,24426.55356958655,4.87277843218692,0,0.0,0,0,0,0,0.0,0.0,0,0,-0.4245974748007852,0.0,0,24426.55356958655,0.0,0,0,0,0,0,0,0,0,0,0,2025-01-30 21:29:36.531000+00:00,0,0,100,0.0,0,0,0.0,2025-01-30T21:21:00.000Z,12qbvNxwtXahXwCumrne6qCikF9fMcrAyDmq2G9LQETY,11.960423035066285,0,0,0.0,2.44265535695e-05,0,0,0,0.0,0.0,0,0,21813.618171119975,1,0,96,0,23190.714013312012,0,0,2025-01-30 21:29:36.531000+00:00,marketContext_0000000426,2.44265535695e-05,9.592601471
70,93935.3034262288,22791.409525984545,-73.33435192045691,518,0,24426.55356958655,4.87277843218692,0,0.0,0,0,0,0,0.0,0.0,0,0,0.0,0.0,0,24426.55356958655,0.0,0,0,0,0,0,0,0,0,0,0,2025-01-30 21:29:38.205000+00:00,0,0,100,0.0,0,0,0.0,2025-01-30T21:21:00.000Z,12qbvNxwtXahXwCumrne6qCikF9fMcrAyDmq2G9LQETY,11.960423035066285,0,0,0.0,2.44265535695e-05,0,0,0,0.0,0.0,0,0,21813.618171119975,1,0,96,0,23295.09086579656,0,0,2025-01-30 21:29:38.205000+00:00,marketContext_0000000427,2.44265535695e-05,9.592601471
69,93935.3034262288,22815.557362521697,-73.33435192045691,519,0,24426.55356958655,4.87277843218692,0,0.0,0,0,0,0,0.0,0.0,0,0,0.0,0.0,0,24426.55356958655,0.0,0,0,0,0,0,0,0,0,0,0,2025-01-30 21:29:39.630000+00:00,0,0,100,0.0,0,0,0.0,2025-01-30T21:21:00.000Z,12qbvNxwtXahXwCumrne6qCikF9fMcrAyDmq2G9LQETY,11.960423035066285,0,0,0.0,2.44265535695e-05,0,0,0,0.0,0.0,0,0,21813.618171119975,1,0,96,0,23399.467718281103,0,0,2025-01-30 21:29:39.630000+00:00,marketContext_0000000428,2.44265535695e-05,9.592601471
68,93935.3034262288,22839.705199058848,-73.33435192045691,520,0,24426.55356958655,4.87277843218692,0,0.0,0,0,0,0,0.0,0.0,0,0,0.0,0.0,0,24426.55356958655,0.0,0,0,0,0,0,0,0,0,0,0,2025-01-30 21:29:40.787000+00:00,0,0,100,0.0,0,0,0.0,2025-01-30T21:21:00.000Z,12qbvNxwtXahXwCumrne6qCikF9fMcrAyDmq2G9LQETY,11.960423035066285,0,0,0.0,2.44265535695e-05,0,0,0,0.0,0.0,0,0,21813.618171119975,0,0,96,0,23503.844570765654,0,0,2025-01-30 21:29:40.787000+00:00,marketContext_0000000429,2.44265535695e-05,9.592601471
67,93935.3034262288,22872.764540111508,-73.33435192045691,521,0,24426.55356958655,4.87277843218692,0,0.0,0,0,0,0,0.0,0.0,0,0,0.0,0.0,0,24426.55356958655,0.0,0,0,0,0,0,0,0,0,0,0,2025-01-30 21:29:41.934000+00:00,0,0,100,0.0,0,0,0.0,2025-01-30T21:21:00.000Z,12qbvNxwtXahXwCumrne6qCikF9fMcrAyDmq2G9LQETY,11.960423035066285,0,0,0.0,2.44265535695e-05,0,0,0,0.0,0.0,0,0,21813.618171119975,0,0,96,0,23608.2214232502,0,0,2025-01-30 21:29:41.934000+00:00,marketContext_0000000430,2.44265535695e-05,9.592601471
66,93935.3034262288,22903.782699607746,-73.33435192045691,523,0,24426.55356958655,8.322420900747941,0,0.0,0,0,0,0,0.0,0.0,0,0,0.0,0.0,0,24426.55356958655,0.0,0,0,0,0,0,0,0,0,0,0,2025-01-30 21:29:43.694000+00:00,0,0,100,0.0,0,0,0.0,2025-01-30T21:21:00.000Z,12qbvNxwtXahXwCumrne6qCikF9fMcrAyDmq2G9LQETY,11.385007228916828,0,0,0.0,2.44265535695e-05,0,0,0,0.0,0.0,0,0,21813.618171119975,0,0,96,0,23786.879881768265,0,0,2025-01-30 21:29:43.694000+00:00,marketContext_0000000431,2.44265535695e-05,9.592601471
65,93935.3034262288,22943.63672114151,-73.36875190578323,525,0,24395.04212527964,8.316965944985375,0,-0.1290048725750101,0,0,0,0,0.0,0.032056443,0,0,-0.12900487257501,0.0,0,24422.05193468556,-0.032056443,0,0,2,0,0,0,0,0,0,1,2025-01-30 21:29:45.089000+00:00,0,0,100,0.032056443,0,0,0.0,2025-01-30T21:21:00.000Z,12qbvNxwtXahXwCumrne6qCikF9fMcrAyDmq2G9LQETY,11.241315142273498,0,0,-0.032056443,2.43950421252e-05,0,0,1,-0.12900487257501,0.0,0,0,21813.618171119975,0,0,96,0,23889.596648199487,0,0,2025-01-30 21:29:45.089000+00:00,marketContext_0000000432,2.44265535695e-05,9.624657914
64,93935.3034262288,22973.87433372772,-73.36875190578323,526,0,24395.04212527964,8.415683667355712,0,0.0,0,0,0,0,0.0,0.032056443,0,0,-0.12900487257501,0.0,0,24418.675708509825,-0.032056443,0,0,2,0,0,0,0,0,0,1,2025-01-30 21:29:46.212000+00:00,0,0,100,0.032056443,0,0,0.0,2025-01-30T21:21:00.000Z,12qbvNxwtXahXwCumrne6qCikF9fMcrAyDmq2G9LQETY,11.241315142273498,0,0,-0.032056443,2.43950421252e-05,0,0,1,-0.12900487257501,0.0,0,0,21813.618171119975,0,0,96,0,23992.313414630713,0,0,2025-01-30 21:29:46.212000+00:00,marketContext_0000000433,2.43950421252e-05,9.656714357
63,93935.3034262288,23013.325298184132,-73.36875190578323,527,0,24395.04212527964,8.415683667355712,0,0.0,0,0,0,0,0.0,0.032056443,0,0,-0.12900487257501,0.0,0,24414.736777971455,-0.032056443,0,0,2,0,0,0,0,0,0,1,2025-01-30 21:29:47.462000+00:00,0,0,100,0.032056443,0,0,0.0,2025-01-30T21:21:00.000Z,12qbvNxwtXahXwCumrne6qCikF9fMcrAyDmq2G9LQETY,5.741731600816987,0,0,-0.032056443,2.43950421252e-05,0,0,1,-0.12900487257501,0.0,0,0,21813.618171119975,0,0,96,0,24095.030181061935,0,0,2025-01-30 21:29:47.462000+00:00,marketContext_0000000434,2.43950421252e-05,9.6887708
62,93935.3034262288,23052.776262640546,-73.36875190578323,528,0,24395.04212527964,8.415683667355712,0,0.0,0,0,0,0,0.0,0.101888904,0,0,-0.12900487257501,0.0,0,24410.797847433096,-0.101888904,0,0,2,0,0,0,0,0,0,3,2025-01-30 21:29:48.505000+00:00,0,0,100,0.101888904,0,0,0.0,2025-01-30T21:21:00.000Z,12qbvNxwtXahXwCumrne6qCikF9fMcrAyDmq2G9LQETY,5.741731600816987,0,0,-0.101888904,2.43950421252e-05,0,0,3,-0.12900487257501,0.0,0,0,21813.618171119975,0,0,96,0,24150.223536826605,0,0,2025-01-30 21:29:48.505000+00:00,marketContext_0000000435,2.43950421252e-05,9.790659704000001
61,93935.3034262288,23094.42211506581,-73.36875190578323,529,0,24395.04212527964,8.925688686539809,0,0.0,0,0,0,0,0.0,0.11351014,0,0,-0.12900487257501,0.0,0,24406.85891689473,-0.145566583,0,0,2,0,0,0,0,0,0,3,2025-01-30 21:29:49.714000+00:00,0,0,100,0.145566583,0,0,0.0,2025-01-30T21:21:00.000Z,12qbvNxwtXahXwCumrne6qCikF9fMcrAyDmq2G9LQETY,5.741731600816987,0,0,-0.11351014,2.43950421252e-05,0,0,4,0.0,0.0,0,0,21813.618171119975,0,0,96,0,24205.41689259127,0,0,2025-01-30 21:29:49.714000+00:00,marketContext_0000000436,2.43950421252e-05,9.904169844000002
60,93935.3034262288,23132.852500915025,-73.53724231497823,530,0,24240.699729629385,8.236538339785014,0,-0.6326793569678426,0,0,0,0,0.0,0.11351014,0,0,-0.7608680423445879,0.0,0,24383.627186900085,-0.145566583,0,0,2,0,0,0,0,0,0,3,2025-01-30 21:29:50.982000+00:00,0,0,100,0.145566583,0,0,0.0,2025-01-30T21:21:00.000Z,12qbvNxwtXahXwCumrne6qCikF9fMcrAyDmq2G9LQETY,5.072725493278276,0,0,-0.11351014,2.42406997296e-05,0,0,4,-0.6326793569678426,0.0,0,0,21813.618171119975,0,0,96,0,24254.179315203844,0,0,2025-01-30 21:29:50.982000+00:00,marketContext_0000000437,2.43950421252e-05,10.017679984000003
59,93935.3034262288,23177.336286941645,-73.53724231497823,532,0,24240.699729629385,10.679471787464012,0,0.0,0,0,0,0,0.0,0.11351014,0,0,-0.7608680423445879,0.0,0,24360.39545690544,-0.145566583,0,0,2,0,0,0,0,0,0,3,2025-01-30 21:29:52.642000+00:00,0,0,100,0.145566583,0,0,0.0,2025-01-30T21:21:00.000Z,12qbvNxwtXahXwCumrne6qCikF9fMcrAyDmq2G9LQETY,5.072725493278276,0,0,-0.11351014,2.42406997296e-05,0,0,4,-0.6326793569678426,0.0,0,0,21813.618171119975,0,0,96,0,24302.941737816414,0,0,2025-01-30 21:29:52.642000+00:00,marketContext_0000000438,2.42406997296e-05,10.131190124000003
58,93935.3034262288,23255.18577602373,-73.53724231497823,533,0,24240.699729629385,10.903870046476964,0,0.0,0,0,0,0,0.0,0.0,0,0,-0.7608680423445879,0.0,0,24337.163726910792,-0.11351014,0,0,2,0,0,0,0,0,0,0,2025-01-30 21:29:53.964000+00:00,0,0,100,0.11351014,0,0,0.0,2025-01-30T21:21:00.000Z,12qbvNxwtXahXwCumrne6qCikF9fMcrAyDmq2G9LQETY,5.072725493278276,0,0,0.0,2.42406997296e-05,0,0,3,-0.6326793569678426,0.0,0,0,21813.618171119975,0,0,96,0,24407.412967972527,0,0,2025-01-30 21:29:53.964000+00:00,marketContext_0000000439,2.42406997296e-05,10.131190124000003
57,93935.3034262288,23306.825809183505,-73.53724231497823,535,0,24240.699729629385,11.126451097978464,0,0.0,0,0,0,0,0.0,0.042797914,0,0,-0.6326793569678426,0.0,0,24326.445504990636,-0.156308054,0,0,2,0,0,0,0,0,0,1,2025-01-30 21:29:55.082000+00:00,0,0,100,0.156308054,0,0,0.0,2025-01-30T21:21:00.000Z,12qbvNxwtXahXwCumrne6qCikF9fMcrAyDmq2G9LQETY,-1.4496803831804532,0,0,-0.042797914,2.42406997296e-05,0,0,4,-0.6326793569678426,0.0,0,0,21813.618171119975,0,0,96,0,24391.90940416558,0,0,2025-01-30 21:29:55.082000+00:00,marketContext_0000000440,2.42406997296e-05,10.173988038000003
56,93935.3034262288,23325.69555641609,-73.56794658263283,536,0,24212.573676347543,10.750554727830343,0,-0.11602822358902286,0,0,0,0,0.0,0.042797914,0,0,-0.7479734939379612,0.0,0,24306.17123288707,-0.156308054,0,0,1,0,0,0,0,0,0,1,2025-01-30 21:29:56.196000+00:00,0,0,100,0.156308054,0,0,0.0,2025-01-30T21:21:00.000Z,12qbvNxwtXahXwCumrne6qCikF9fMcrAyDmq2G9LQETY,-1.2968913880977628,0,0,-0.042797914,2.42125736763e-05,0,0,4,-0.1160282235890228,0.0,0,0,21813.618171119975,0,0,96,0,24378.07737503863,0,0,2025-01-30 21:29:56.196000+00:00,marketContext_0000000441,2.42406997296e-05,10.216785952000002
55,93935.3034262288,23374.952963119224,-73.55261811348299,537,0,24226.615025416264,11.043993956254592,0,0.05799197250324634,0,0,0,0,0.0,0.042797914,0,0,-0.6904152860176509,0.0,0,24287.45711068003,-0.156308054,0,0,0,0,0,0,0,0,0,1,2025-01-30 21:29:57.314000+00:00,0,0,100,0.156308054,0,0,0.0,2025-01-30T21:21:00.000Z,12qbvNxwtXahXwCumrne6qCikF9fMcrAyDmq2G9LQETY,-0.8185294892326955,0,0,-0.042797914,2.42266150254e-05,0,0,4,-0.0581035381412962,0.0,0,0,21813.618171119975,-1,0,95,0,24369.384394857312,0,0,2025-01-30 21:29:57.314000+00:00,marketContext_0000000442,2.42125736763e-05,10.259583866000002
54,93935.3034262288,23424.857992679114,-73.56794658263283,538,0,24212.573676347543,10.979634677028484,0,-0.05795836130629427,0,0,0,0,0.0,0.042797914,0,0,-0.7479734939379612,0.0,0,24267.182838576464,-0.086475593,0,0,0,0,0,0,0,0,0,1,2025-01-30 21:29:58.387000+00:00,0,0,100,0.086475593,0,0,0.0,2025-01-30T21:21:00.000Z,12qbvNxwtXahXwCumrne6qCikF9fMcrAyDmq2G9LQETY,-0.8760134442602218,0,0,-0.042797914,2.42125736763e-05,0,0,2,-0.1160282235890228,0.0,0,0,21813.618171119975,-1,0,95,0,24362.850614919404,0,0,2025-01-30 21:29:58.387000+00:00,marketContext_0000000443,2.42266150254e-05,10.302381780000001
53,93935.3034262288,23474.763022239003,-73.56794658263283,539,0,24212.573676347543,10.979634677028484,0,0.0,0,0,0,0,0.0,0.0,0,0,-0.7479734939379612,0.0,0,24246.908566472895,-0.042797914,0,0,0,0,0,0,0,0,0,0,2025-01-30 21:29:59.694000+00:00,0,0,100,0.042797914,0,0,0.0,2025-01-30T21:21:00.000Z,12qbvNxwtXahXwCumrne6qCikF9fMcrAyDmq2G9LQETY,-0.8760134442602218,0,0,0.0,2.42125736763e-05,0,0,1,-0.1160282235890228,0.0,0,0,21813.618171119975,-1,0,95,0,24353.934786034442,0,0,2025-01-30 21:29:59.694000+00:00,marketContext_0000000444,2.42125736763e-05,10.302381780000001
52,93935.3034262288,23524.668051798893,-73.56794658263283,541,0,24212.573676347543,10.979634677028484,0,0.0,0,0,0,0,0.0,0.0,0,0,-0.1160282235890228,0.0,0,24224.876114961826,-0.042797914,0,0,0,0,0,0,0,0,0,0,2025-01-30 21:30:01.299000+00:00,0,0,100,0.042797914,0,0,0.0,2025-01-30T21:21:00.000Z,12qbvNxwtXahXwCumrne6qCikF9fMcrAyDmq2G9LQETY,-0.8760134442602218,0,0,0.0,2.42125736763e-05,0,0,1,0.0,0.0,0,0,21813.618171119975,-1,0,95,0,24341.473974000048,0,0,2025-01-30 21:30:01.299000+00:00,marketContext_0000000445,2.42125736763e-05,10.302381780000001
51,93935.3034262288,23574.57308135878,-73.56794658263283,542,0,24212.573676347543,10.979634677028484,0,0.0,0,0,0,0,0.0,0.0,0,0,-0.1160282235890228,0.0,0,24223.509177338015,-0.042797914,0,0,0,0,0,0,0,0,0,0,2025-01-30 21:30:02.350000+00:00,0,0,100,0.042797914,0,0,0.0,2025-01-30T21:21:00.000Z,12qbvNxwtXahXwCumrne6qCikF9fMcrAyDmq2G9LQETY,-0.8760134442602218,0,0,0.0,2.42125736763e-05,0,0,1,-0.0579583613062942,0.0,0,0,21813.618171119975,-1,0,95,0,24332.17050038096,0,0,2025-01-30 21:30:02.350000+00:00,marketContext_0000000446,2.42125736763e-05,10.302381780000001
50,93935.3034262288,23624.47811091867,-73.56794658263283,543,0,24212.573676347543,10.979634677028484,0,0.0,0,0,0,0,0.0,0.0,0,0,-0.1160282235890228,0.0,0,24220.3840603067,-0.042797914,0,0,0,0,0,0,0,0,0,0,2025-01-30 21:30:03.705000+00:00,0,0,100,0.042797914,0,0,0.0,2025-01-30T21:21:00.000Z,12qbvNxwtXahXwCumrne6qCikF9fMcrAyDmq2G9LQETY,-0.8760134442602218,0,0,0.0,2.42125736763e-05,0,0,1,0.0,0.0,0,0,21813.618171119975,0,0,95,0,24322.867026761876,0,0,2025-01-30 21:30:03.705000+00:00,marketContext_0000000447,2.42125736763e-05,10.302381780000001
49,93935.3034262288,23636.480061233546,-73.56794658263283,544,0,24212.573676347543,10.979634677028484,0,0.0,0,0,0,0,0.0,0.0,0,0,-0.1160282235890228,0.0,0,24217.258943275385,0.0,0,0,0,0,0,0,0,0,0,0,2025-01-30 21:30:04.831000+00:00,0,0,100,0.0,0,0,0.0,2025-01-30T21:21:00.000Z,12qbvNxwtXahXwCumrne6qCikF9fMcrAyDmq2G9LQETY,-0.8760134442602218,0,0,0.0,2.42125736763e-05,0,0,0,0.0,0.0,0,0,21813.618171119975,0,0,95,0,24318.271470494612,0,0,2025-01-30 21:30:04.831000+00:00,marketContext_0000000448,2.42125736763e-05,10.302381780000001
48,93935.3034262288,23685.366620802415,-73.56794658263283,545,0,24212.573676347543,10.979634677028484,0,0.0,0,0,0,0,0.0,0.0,0,0,0.0,0.0,0,24214.133826244073,0.0,0,0,0,0,0,0,0,0,0,0,2025-01-30 21:30:05.907000+00:00,0,0,100,0.0,0,0,0.0,2025-01-30T21:21:00.000Z,12qbvNxwtXahXwCumrne6qCikF9fMcrAyDmq2G9LQETY,-0.8760134442602218,0,0,0.0,2.42125736763e-05,0,0,0,0.0,0.0,0,0,21813.618171119975,0,0,95,0,24309.35564160965,0,0,2025-01-30 21:30:05.907000+00:00,marketContext_0000000449,2.42125736763e-05,10.302381780000001
47,93935.3034262288,23734.25318037129,-73.56794658263283,546,0,24212.573676347543,10.979634677028484,0,0.0,0,0,0,0,0.0,0.0,0,0,-0.0579583613062942,0.0,0,24214.133826244073,0.0,0,0,0,0,0,0,0,0,0,0,2025-01-30 21:30:06.931000+00:00,0,0,100,0.0,0,0,0.0,2025-01-30T21:21:00.000Z,12qbvNxwtXahXwCumrne6qCikF9fMcrAyDmq2G9LQETY,-0.8760134442602218,0,0,0.0,2.42125736763e-05,0,0,0,0.0,0.0,0,0,21813.618171119975,0,0,95,0,24300.439812724697,0,0,2025-01-30 21:30:06.931000+00:00,marketContext_0000000450,2.42125736763e-05,10.302381780000001
46,93935.3034262288,23783.139739940158,-73.56794658263283,548,0,24212.573676347543,10.979634677028484,0,0.0,0,0,0,0,0.0,0.0,0,0,0.0,0.0,0,24212.573676347543,0.0,0,0,0,0,0,0,0,0,0,0,2025-01-30 21:30:08.342000+00:00,0,0,100,0.0,0,0,0.0,2025-01-30T21:21:00.000Z,12qbvNxwtXahXwCumrne6qCikF9fMcrAyDmq2G9LQETY,-0.8760134442602218,0,0,0.0,2.42125736763e-05,0,0,0,0.0,0.0,0,0,21813.618171119975,0,0,95,0,24291.523983839736,0,0,2025-01-30 21:30:08.342000+00:00,marketContext_0000000451,2.42125736763e-05,10.302381780000001
45,93935.3034262288,23874.003258718112,-73.56794658263283,549,0,24212.573676347543,10.979634677028484,0,0.0,0,0,0,0,0.0,0.0,0,0,0.0,0.0,0,24212.573676347543,0.0,0,0,0,0,0,0,0,0,0,0,2025-01-30 21:30:09.881000+00:00,0,0,100,0.0,0,0,0.0,2025-01-30T21:21:00.000Z,12qbvNxwtXahXwCumrne6qCikF9fMcrAyDmq2G9LQETY,-0.8760134442602218,0,0,0.0,2.42125736763e-05,0,0,0,0.0,0.0,0,0,21813.618171119975,0,0,95,0,24282.608154954774,0,0,2025-01-30 21:30:09.881000+00:00,marketContext_0000000452,2.42125736763e-05,10.302381780000001
44,93935.3034262288,23880.912859077896,-73.56794658263283,551,0,24212.573676347543,10.979634677028484,0,0.0,0,0,0,0,0.0,0.0,0,0,0.0,0.0,0,24212.573676347543,0.0,0,0,-1,0,0,0,0,0,0,0,2025-01-30 21:30:11.031000+00:00,0,0,100,0.0,0,0,0.0,2025-01-30T21:21:00.000Z,12qbvNxwtXahXwCumrne6qCikF9fMcrAyDmq2G9LQETY,-0.8760134442602218,0,0,0.0,2.42125736763e-05,0,0,0,0.0,0.0,0,0,21813.618171119975,0,0,95,0,24273.69232606982,0,0,2025-01-30 21:30:11.031000+00:00,marketContext_0000000453,2.42125736763e-05,10.302381780000001
43,93935.3034262288,23973.813317837892,-73.56794658263283,552,0,24212.573676347543,10.979634677028484,0,0.0,0,0,0,0,0.0,0.0,0,0,0.0,0.0,0,24212.573676347543,0.0,0,0,-1,0,0,0,0,0,0,0,2025-01-30 21:30:12.229000+00:00,0,0,100,0.0,0,0,0.0,2025-01-30T21:21:00.000Z,12qbvNxwtXahXwCumrne6qCikF9fMcrAyDmq2G9LQETY,-0.8760134442602218,0,0,0.0,2.42125736763e-05,0,0,0,0.0,0.0,0,0,21813.618171119975,0,0,95,0,24264.77649718486,0,0,2025-01-30 21:30:12.229000+00:00,marketContext_0000000454,2.42125736763e-05,10.302381780000001
42,93935.3034262288,24021.370275034085,-73.56794658263283,553,0,24212.573676347543,10.409259590701296,0,0.0,0,0,0,0,0.0,0.0,0,0,0.0,0.0,0,24212.573676347543,0.0,0,0,-1,0,0,0,0,0,0,0,2025-01-30 21:30:13.387000+00:00,0,0,100,0.0,0,0,0.0,2025-01-30T21:21:00.000Z,12qbvNxwtXahXwCumrne6qCikF9fMcrAyDmq2G9LQETY,-0.8760134442602218,0,0,0.0,2.42125736763e-05,0,0,0,0.0,0.0,0,0,21813.618171119975,0,0,95,0,24262.688384351368,0,0,2025-01-30 21:30:13.387000+00:00,marketContext_0000000455,2.42125736763e-05,10.302381780000001
41,93935.3034262288,24068.927232230275,-73.56794658263283,554,0,24212.573676347543,10.409259590701296,0,0.0,0,0,0,0,0.0,0.0,0,0,0.0,0.0,0,24212.573676347543,0.0,0,0,-1,0,0,0,0,0,0,0,2025-01-30 21:30:14.482000+00:00,0,0,100,0.0,0,0,0.0,2025-01-30T21:21:00.000Z,12qbvNxwtXahXwCumrne6qCikF9fMcrAyDmq2G9LQETY,-0.7479734939379612,0,0,0.0,2.42125736763e-05,0,0,0,0.0,0.0,0,0,21813.618171119975,0,0,95,0,24254.12918862181,0,0,2025-01-30 21:30:14.482000+00:00,marketContext_0000000456,2.42125736763e-05,10.302381780000001
40,93935.3034262288,24116.484189426472,-73.56794658263283,555,0,24212.573676347543,10.409259590701296,0,0.0,0,0,0,0,0.0,0.0,0,0,0.0,0.0,0,24212.573676347543,0.0,0,0,-1,0,0,0,0,0,0,0,2025-01-30 21:30:15.501000+00:00,0,0,100,0.0,0,0,0.0,2025-01-30T21:21:00.000Z,12qbvNxwtXahXwCumrne6qCikF9fMcrAyDmq2G9LQETY,-0.7479734939379612,0,0,0.0,2.42125736763e-05,0,0,0,0.0,0.0,0,0,21813.618171119975,0,0,95,0,24246.830450664525,0,0,2025-01-30 21:30:15.501000+00:00,marketContext_0000000457,2.42125736763e-05,10.302381780000001
39,93935.3034262288,24164.041146622665,-73.56794658263283,556,0,24212.573676347543,10.409259590701296,0,0.0,0,0,0,0,0.0,0.023706955,0,0,0.0,0.0,0,24212.573676347543,-0.023706955,0,0,-1,0,0,0,0,0,0,1,2025-01-30 21:30:16.842000+00:00,0,0,100,0.023706955,0,0,0.0,2025-01-30T21:21:00.000Z,12qbvNxwtXahXwCumrne6qCikF9fMcrAyDmq2G9LQETY,-0.7479734939379612,0,0,-0.023706955,2.42125736763e-05,0,0,1,0.0,0.0,0,0,21813.618171119975,0,0,95,0,24239.53171270724,0,0,2025-01-30 21:30:16.842000+00:00,marketContext_0000000458,2.42125736763e-05,10.326088735
38,93935.3034262288,24186.77893656928,-73.62335757409288,557,0,24161.815504365168,4.7307972222553945,0,-0.20963559124639036,0,0,0,0,0.0,0.023706955,0,0,-0.2096355912463903,0.0,0,24206.933879460616,-0.023706955,0,0,-1,0,0,0,0,0,0,1,2025-01-30 21:30:17.909000+00:00,0,0,100,0.023706955,0,0,0.0,2025-01-30T21:21:00.000Z,12qbvNxwtXahXwCumrne6qCikF9fMcrAyDmq2G9LQETY,-0.9560410665279684,0,0,-0.023706955,2.41618155043e-05,0,0,1,-0.2096355912463903,0.0,0,0,21813.618171119975,0,0,95,0,24230.20264787066,0,0,2025-01-30 21:30:17.909000+00:00,marketContext_0000000459,2.42125736763e-05,10.34979569
37,93935.3034262288,24209.516726515896,-73.62335757409288,560,0,24161.815504365168,4.7307972222553945,0,0.0,0,0,0,0,0.0,0.023706955,0,0,-0.2096355912463903,0.0,0,24199.884133351952,-0.023706955,0,0,-1,0,0,0,0,0,0,1,2025-01-30 21:30:20.080000+00:00,0,0,100,0.023706955,0,0,0.0,2025-01-30T21:21:00.000Z,12qbvNxwtXahXwCumrne6qCikF9fMcrAyDmq2G9LQETY,-0.9560410665279684,0,0,-0.023706955,2.41618155043e-05,0,0,1,-0.2096355912463903,0.0,0,0,21813.618171119975,0,0,95,0,24213.61656044052,0,0,2025-01-30 21:30:20.080000+00:00,marketContext_0000000460,2.41618155043e-05,10.373502645
36,93935.3034262288,24232.25451646251,-73.62335757409288,561,0,24161.815504365168,4.7307972222553945,0,0.0,0,0,0,0,0.0,0.023706955,0,0,-0.2096355912463903,0.0,0,24193.539361854153,-0.023706955,0,0,-1,0,0,0,0,0,0,1,2025-01-30 21:30:21.324000+00:00,0,0,100,0.023706955,0,0,0.0,2025-01-30T21:21:00.000Z,12qbvNxwtXahXwCumrne6qCikF9fMcrAyDmq2G9LQETY,-0.3254205783828796,0,0,-0.023706955,2.41618155043e-05,0,0,1,-0.2096355912463903,0.0,0,0,21813.618171119975,0,0,95,0,24210.329717721175,0,0,2025-01-30 21:30:21.324000+00:00,marketContext_0000000461,2.41618155043e-05,10.3972096
35,93935.3034262288,24254.992306409124,-73.62335757409288,562,0,24161.815504365168,4.7307972222553945,0,0.0,0,0,0,0,0.0,0.0,0,0,-0.2096355912463903,0.0,0,24187.194590356357,-0.023706955,0,0,-1,0,0,0,0,0,0,0,2025-01-30 21:30:22.522000+00:00,0,0,100,0.023706955,0,0,0.0,2025-01-30T21:21:00.000Z,12qbvNxwtXahXwCumrne6qCikF9fMcrAyDmq2G9LQETY,-0.3254205783828796,0,0,0.0,2.41618155043e-05,0,0,1,0.0,0.0,0,0,21813.618171119975,0,0,95,0,24208.389149186936,0,0,2025-01-30 21:30:22.522000+00:00,marketContext_0000000462,2.41618155043e-05,10.3972096
34,93935.3034262288,24303.41793698187,-73.62335757409288,564,0,24161.815504365168,4.7307972222553945,0,0.0,0,0,0,0,0.0,0.0,0,0,-0.2096355912463903,0.0,0,24180.84981885856,-0.023706955,0,0,-1,0,0,0,0,0,0,0,2025-01-30 21:30:24.148000+00:00,0,0,100,0.023706955,0,0,0.0,2025-01-30T21:21:00.000Z,12qbvNxwtXahXwCumrne6qCikF9fMcrAyDmq2G9LQETY,-0.3254205783828796,0,0,0.0,2.41618155043e-05,0,0,1,0.0,0.0,0,0,21813.618171119975,0,0,95,0,24203.756032282487,0,0,2025-01-30 21:30:24.148000+00:00,marketContext_0000000463,2.41618155043e-05,10.3972096
33,93935.3034262288,24294.15269883668,-73.62335757409288,565,0,24161.815504365168,-1.770383403275684,0,0.0,0,0,0,0,0.0,0.042818099,0,0,-0.2096355912463903,0.0,0,24174.50504736076,-0.066525054,0,0,-1,0,0,0,0,0,0,1,2025-01-30 21:30:25.277000+00:00,0,0,100,0.066525054,0,0,0.0,2025-01-30T21:21:00.000Z,12qbvNxwtXahXwCumrne6qCikF9fMcrAyDmq2G9LQETY,-0.3254205783828796,0,0,-0.042818099,2.41618155043e-05,0,0,2,0.0,0.0,0,0,21813.618171119975,0,0,95,0,24200.469189563148,0,0,2025-01-30 21:30:25.277000+00:00,marketContext_0000000464,2.41618155043e-05,10.440027699
32,93935.3034262288,24285.518402411395,-73.66365872134848,566,0,24124.89841427915,-1.234947674660878,0,-0.1527910437001345,0,0,0,0,0.0,0.042818099,0,0,-0.3621063305386925,0.0,0,24163.545639602213,-0.066525054,0,0,-1,0,0,0,0,0,0,1,2025-01-30 21:30:26.622000+00:00,0,0,100,0.066525054,0,0,0.0,2025-01-30T21:21:00.000Z,12qbvNxwtXahXwCumrne6qCikF9fMcrAyDmq2G9LQETY,-0.3621063305386925,0,0,-0.042818099,2.41248984142e-05,0,0,2,-0.1527910437001344,0.0,0,0,21813.618171119975,0,0,95,0,24196.816053643633,0,0,2025-01-30 21:30:26.622000+00:00,marketContext_0000000465,2.41618155043e-05,10.482845798
31,93935.3034262288,24277.516297741957,-73.74492647822017,567,0,24050.454650122934,-1.539713404071434,0,-0.30857648756833134,0,0,0,0,0.0,0.105599852,0,0,-0.4608960540324969,0.0,0,24143.280761324135,-0.105599852,0,0,-1,0,0,0,0,0,0,3,2025-01-30 21:30:27.719000+00:00,0,0,100,0.105599852,0,0,0.0,2025-01-30T21:21:00.000Z,12qbvNxwtXahXwCumrne6qCikF9fMcrAyDmq2G9LQETY,-0.7271357352585789,0,0,-0.105599852,2.40504546501e-05,0,0,3,-0.4608960540324969,0.0,0,0,21813.618171119975,0,0,95,0,24189.476038006407,0,0,2025-01-30 21:30:27.719000+00:00,marketContext_0000000466,2.41248984142e-05,10.588445649999999
30,93935.3034262288,24271.15275073953,-73.66085483490959,568,0,24127.46686047249,-1.224432698874275,0,0.32021103746228197,0,0,0,0,0.0,0.105599852,0,0,-0.1421608566064551,0.0,0,24138.987180837554,-0.105599852,0,0,-1,0,0,0,0,0,0,3,2025-01-30 21:30:28.933000+00:00,0,0,100,0.105599852,0,0,0.0,2025-01-30T21:21:00.000Z,12qbvNxwtXahXwCumrne6qCikF9fMcrAyDmq2G9LQETY,-0.3514984281005776,0,0,-0.105599852,2.41274668604e-05,0,0,3,-0.1421608566064551,0.0,0,0,21813.618171119975,0,0,95,0,24185.92992067828,0,0,2025-01-30 21:30:28.933000+00:00,marketContext_0000000467,2.40504546501e-05,10.694045501999998
29,93935.3034262288,24264.362202157485,-73.68276356916863,570,0,24107.39778623045,-1.3065935906467068,0,-0.08317936714244055,0,0,0,0,0.0,0.062781753,0,0,-0.2252219752480461,0.0,0,24135.477248103427,-0.105599852,0,0,-1,0,0,0,0,0,0,2,2025-01-30 21:30:30.073000+00:00,0,0,100,0.105599852,0,0,0.0,2025-01-30T21:21:00.000Z,12qbvNxwtXahXwCumrne6qCikF9fMcrAyDmq2G9LQETY,-0.4343854210750085,0,0,-0.062781753,2.41073977862e-05,0,0,3,-0.2252219752480461,0.0,0,0,21813.618171119975,0,0,95,0,24181.547591923405,0,0,2025-01-30 21:30:30.073000+00:00,marketContext_0000000468,2.41274668604e-05,10.756827254999997
28,93935.3034262288,24257.57165357544,-73.68276356916863,571,0,24107.39778623045,-1.3065935906467068,0,0.0,0,0,0,0,0.0,0.062781753,0,0,-0.2252219752480461,0.0,0,24125.38275130387,-0.105599852,0,0,-1,0,0,0,0,0,0,2,2025-01-30 21:30:31.491000+00:00,0,0,100,0.105599852,0,0,0.0,2025-01-30T21:21:00.000Z,12qbvNxwtXahXwCumrne6qCikF9fMcrAyDmq2G9LQETY,-0.4343854210750085,0,0,-0.062781753,2.41073977862e-05,0,0,3,-0.0725417688736923,0.0,0,0,21813.618171119975,0,0,95,0,24177.165263168525,0,0,2025-01-30 21:30:31.491000+00:00,marketContext_0000000469,2.41073977862e-05,10.819609007999997
27,93935.3034262288,24246.95996445876,-73.68276356916863,573,0,24107.39778623045,-1.3065935906467068,0,0.0,0,0,0,0,0.0,0.0,0,0,-0.2252219752480461,0.0,0,24118.580536537032,-0.105599852,0,0,0,0,0,0,0,0,0,0,2025-01-30 21:30:33.543000+00:00,0,0,100,0.105599852,0,0,0.0,2025-01-30T21:21:00.000Z,12qbvNxwtXahXwCumrne6qCikF9fMcrAyDmq2G9LQETY,-0.4343854210750085,0,0,0.0,2.41073977862e-05,0,0,3,-0.0831793671424405,0.0,0,0,21813.618171119975,0,0,95,0,24172.782934413644,0,0,2025-01-30 21:30:33.543000+00:00,marketContext_0000000470,2.41073977862e-05,10.819609007999997
26,93935.3034262288,24243.59659978591,-73.70297682230031,574,0,24088.881824834567,-1.382396185323558,0,-0.0768061387631538,0,0,0,0,0.0,0.0,0,0,-0.3018551297083658,0.0,0,24109.463826595707,-0.105599852,0,0,0,0,0,0,0,0,0,0,2025-01-30 21:30:34.661000+00:00,0,0,100,0.105599852,0,0,0.0,2025-01-30T21:21:00.000Z,12qbvNxwtXahXwCumrne6qCikF9fMcrAyDmq2G9LQETY,-0.5108579251688845,0,0,0.0,2.40888818248e-05,0,0,3,-0.0768061387631537,0.0,0,0,21813.618171119975,0,0,95,0,24167.629107267272,0,0,2025-01-30 21:30:34.661000+00:00,marketContext_0000000471,2.41073977862e-05,10.819609007999997
25,93935.3034262288,24237.23305278348,-73.66085483490959,575,0,24127.46686047249,-1.224432698874275,0,0.16017777794127933,0,0,0,0,0.0,0.0,0,0,-0.1421608566064551,0.0,0,24105.17024610912,-0.062781753,0,0,0,0,0,0,0,0,0,0,2025-01-30 21:30:35.685000+00:00,0,0,100,0.062781753,0,0,0.0,2025-01-30T21:21:00.000Z,12qbvNxwtXahXwCumrne6qCikF9fMcrAyDmq2G9LQETY,-0.3514984281005776,0,0,0.0,2.41274668604e-05,0,0,2,0.0832486128117322,0.0,0,0,21813.618171119975,0,0,95,0,24164.082989939143,0,0,2025-01-30 21:30:35.685000+00:00,marketContext_0000000472,2.40888818248e-05,10.819609007999997
24,93935.3034262288,24230.86950578105,-73.66085483490959,576,0,24127.46686047249,-1.224432698874275,0,0.0,0,0,0,0,0.0,0.0,0,0,0.0106464539217434,0.0,0,24105.49130188329,0.0,0,0,0,0,0,0,0,0,0,0,2025-01-30 21:30:36.886000+00:00,0,0,100,0.0,0,0,0.0,2025-01-30T21:21:00.000Z,12qbvNxwtXahXwCumrne6qCikF9fMcrAyDmq2G9LQETY,-0.3514984281005776,0,0,0.0,2.41274668604e-05,0,0,0,0.0832486128117322,0.0,0,0,21813.618171119975,0,0,95,0,24160.536872611017,0,0,2025-01-30 21:30:36.886000+00:00,marketContext_0000000473,2.41274668604e-05,10.819609007999997
23,93935.3034262288,24224.505958778624,-73.66085483490959,578,0,24127.46686047249,-1.224432698874275,0,0.0,0,0,0,0,0.0,0.0,0,0,0.0,0.0,0,24115.117828176983,0.0,0,0,0,0,0,0,0,0,0,0,2025-01-30 21:30:38.446000+00:00,0,0,100,0.0,0,0,0.0,2025-01-30T21:21:00.000Z,12qbvNxwtXahXwCumrne6qCikF9fMcrAyDmq2G9LQETY,-0.3514984281005776,0,0,0.0,2.41274668604e-05,0,0,0,0.0832486128117322,0.0,0,0,21813.618171119975,0,0,95,0,24154.57410654095,0,0,2025-01-30 21:30:38.446000+00:00,marketContext_0000000474,2.41274668604e-05,10.819609007999997
22,93935.3034262288,24222.48431089725,-73.66085483490959,579,1,24127.46686047249,-1.224432698874275,0,0.0,0,0,0,0,0.033943888,0.0,0,0,0.0,0.033943888,0,24115.117828176983,0.033943888,0,0,0,0,0,0,0,0,0,0,2025-01-30 21:30:39.501000+00:00,0,0,100,0.0,0,0,0.033943888,2025-01-30T21:21:00.000Z,12qbvNxwtXahXwCumrne6qCikF9fMcrAyDmq2G9LQETY,-0.3514984281005776,0,0,0.033943888,2.41274668604e-05,0,0,0,0.1601777779412793,0.033943888,0,1,21813.618171119975,0,0,95,0,24153.44463795476,0,0,2025-01-30 21:30:39.501000+00:00,marketContext_0000000475,2.41274668604e-05,10.853552895999997
21,93935.3034262288,24216.253337790706,-73.66085483490959,580,1,24127.46686047249,-1.224432698874275,0,0.0,0,0,0,0,0.033943888,0.0,0,0,0.0832486128117322,0.033943888,0,24117.62646245724,0.033943888,0,0,0,0,0,0,0,0,0,0,2025-01-30 21:30:40.515000+00:00,0,0,100,0.0,0,0,0.033943888,2025-01-30T21:21:00.000Z,12qbvNxwtXahXwCumrne6qCikF9fMcrAyDmq2G9LQETY,-0.3514984281005776,0,0,0.033943888,2.41274668604e-05,0,0,0,0.0,0.033943888,0,1,21813.618171119975,0,0,95,0,24149.898520626633,0,0,2025-01-30 21:30:40.515000+00:00,marketContext_0000000476,2.41274668604e-05,10.887496783999996
20,93935.3034262288,24239.509989174123,-72.11570367286258,581,2,25542.87283599067,4.570105492876604,1,5.86636791878475,0,0,0,0,2.233943888,0.0,0,0,5.954500201511303,2.233943888,0,24297.060843677267,2.233943888,0,0,0,0,0,0,0,0,0,0,2025-01-30 21:30:41.731000+00:00,0,0,100,0.0,0,0,2.233943888,2025-01-30T21:21:00.000Z,12qbvNxwtXahXwCumrne6qCikF9fMcrAyDmq2G9LQETY,5.494249299663047,0,0,2.233943888,2.55428728359e-05,0,1,0,5.86636791878475,2.233943888,0,2,21813.618171119975,0,0,95,0,24205.327652278433,0,0,2025-01-30 21:30:41.731000+00:00,marketContext_0000000477,2.41274668604e-05,13.121440671999997
19,93935.3034262288,24294.062996436067,-70.47577500821208,582,2,27045.097918159838,10.720072895726192,1,5.881190779967732,0,0,0,0,2.233943888,0.0,0,0,12.185886498323477,2.233943888,0,24602.39829639755,2.233943888,0,0,1,0,0,0,0,0,0,0,2025-01-30 21:30:42.824000+00:00,0,0,100,0.0,0,0,2.233943888,2025-01-30T21:21:00.000Z,12qbvNxwtXahXwCumrne6qCikF9fMcrAyDmq2G9LQETY,11.698567362871003,0,0,2.233943888,2.70450979181e-05,0,1,0,12.092570987911037,2.233943888,0,2,21813.618171119975,1,0,96,0,24323.349495687275,0,0,2025-01-30 21:30:42.824000+00:00,marketContext_0000000478,2.55428728359e-05,15.355384559999997
18,93935.3034262288,24353.81899289707,-70.20313843791848,583,4,27294.841399714816,11.742499087957977,1,0.9234334529337638,0,0,0,0,2.633943888,0.0,0,0,13.2218485037193,2.633943888,0,24956.558697895816,2.633943888,0,0,1,0,0,0,0,0,0,0,2025-01-30 21:30:43.990000+00:00,0,0,100,0.0,0,0,2.633943888,2025-01-30T21:21:00.000Z,12qbvNxwtXahXwCumrne6qCikF9fMcrAyDmq2G9LQETY,12.730029300347509,0,0,2.633943888,2.72948413997e-05,0,1,0,13.127671286666931,2.633943888,0,4,21813.618171119975,1,0,96,0,24451.77731749425,0,0,2025-01-30 21:30:43.990000+00:00,marketContext_0000000479,2.70450979181e-05,17.989328448
17,93935.3034262288,24417.919467523752,-70.00988782058397,585,4,27471.864907360163,12.612492187058509,1,0.6485603087153188,0,0,0,0,2.8,0.030052706,0,0,13.86137246080619,2.833943888,0,25332.44570706533,2.803891182,0,0,1,0,0,0,0,0,0,1,2025-01-30 21:30:45.220000+00:00,0,0,100,0.030052706,0,0,2.833943888,2025-01-30T21:21:00.000Z,12qbvNxwtXahXwCumrne6qCikF9fMcrAyDmq2G9LQETY,13.461151526392712,0,0,2.769947294,2.74718649073e-05,0,1,1,13.86137246080619,2.8,0,5,21813.618171119975,1,0,96,0,24587.58111878644,0,0,2025-01-30 21:30:45.220000+00:00,marketContext_0000000480,2.72948413997e-05,20.759275742
16,93935.3034262288,24482.01994215043,-70.00988782058397,586,3,27471.864907360163,12.612492187058509,1,0.0,0,0,0,0,0.6,0.030052706,0,0,13.86137246080619,2.833943888,0,25704.04549005285,2.803891182,0,0,1,0,0,0,0,0,0,1,2025-01-30 21:30:46.302000+00:00,0,0,100,0.030052706,0,0,2.833943888,2025-01-30T21:21:00.000Z,12qbvNxwtXahXwCumrne6qCikF9fMcrAyDmq2G9LQETY,13.461151526392712,0,0,0.569947294,2.74718649073e-05,0,0,1,7.551977742501565,0.6,0,5,21813.618171119975,1,0,96,0,24723.38492007863,0,0,2025-01-30 21:30:46.302000+00:00,marketContext_0000000481,2.74718649073e-05,21.329223036
15,93935.3034262288,24543.037186338384,-70.00988782058397,587,3,27471.864907360163,12.612492187058509,1,0.0,0,0,0,0,0.6,0.030052706,0,0,13.86137246080619,2.833943888,0,26075.64527304037,2.803891182,0,0,1,0,0,0,0,0,0,1,2025-01-30 21:30:47.377000+00:00,0,0,100,0.030052706,0,0,2.833943888,2025-01-30T21:21:00.000Z,12qbvNxwtXahXwCumrne6qCikF9fMcrAyDmq2G9LQETY,13.699506158372042,0,0,0.569947294,2.74718649073e-05,0,0,1,1.5779827845022103,0.6,0,5,21813.618171119975,1,0,96,0,24859.188721370825,0,0,2025-01-30 21:30:47.377000+00:00,marketContext_0000000482,2.74718649073e-05,21.899170329999997
14,93935.3034262288,24605.829488013496,-70.00988782058397,588,1,27471.864907360163,12.612492187058509,1,0.0,0,0,0,0,0.2,0.030052706,0,0,13.86137246080619,2.833943888,0,26215.267236472344,2.803891182,0,0,1,0,0,0,0,0,0,1,2025-01-30 21:30:48.394000+00:00,0,0,100,0.030052706,0,0,2.833943888,2025-01-30T21:21:00.000Z,12qbvNxwtXahXwCumrne6qCikF9fMcrAyDmq2G9LQETY,13.699506158372042,0,0,0.169947294,2.74718649073e-05,0,0,1,1.5779827845022103,0.2,0,5,21813.618171119975,1,0,96,0,24997.107446495615,0,0,2025-01-30 21:30:48.394000+00:00,marketContext_0000000483,2.74718649073e-05,22.069117623999997
13,93935.3034262288,24653.159160819912,-70.83700941645321,589,0,26714.19609279415,9.506661048604064,1,-2.7579810002742904,0,0,0,0,0.0,0.633776419,0,0,10.721097441685613,2.8,0,26734.659415174738,2.136170875,0,0,1,0,0,0,0,0,0,1,2025-01-30 21:30:49.522000+00:00,0,0,100,0.663829125,1,0,2.8,2025-01-30T21:21:00.000Z,12qbvNxwtXahXwCumrne6qCikF9fMcrAyDmq2G9LQETY,10.563695381118444,0,0,-0.633776419,2.67141960927e-05,1,0,2,-2.12730786164866,0.0,0,4,21813.618171119975,1,0,96,0,25065.790992347556,0,0,2025-01-30 21:30:49.522000+00:00,marketContext_0000000484,2.74718649073e-05,22.702894042999997
12,93935.3034262288,24614.474371848075,-75.43806525876896,590,0,22499.487465659568,-7.183011560683355,0,-15.777037094788165,0,0,0,0,0.0,4.162457058,0,0,-6.747411173445676,0.6,0,26553.77281575108,-3.592509764,0,0,2,0,0,1,0,0,0,1,2025-01-30 21:30:50.615000+00:00,0,0,100,4.192509764,1,1,0.6,2025-01-30T21:21:00.000Z,12qbvNxwtXahXwCumrne6qCikF9fMcrAyDmq2G9LQETY,-6.8799798525292015,0,0,-4.162457058,2.24994874656e-05,1,0,2,-18.099890409581967,0.0,0,3,21813.618171119975,1,0,97,0,24999.29787079933,0,0,2025-01-30 21:30:50.615000+00:00,marketContext_0000000485,2.67141960927e-05,26.865351100999998
11,93935.3034262288,24578.93942768543,-75.43806525876896,592,0,22499.487465659568,-7.183011560683355,0,0.0,0,0,0,0,0.0,4.162457058,0,0,-16.80752077975673,0.6,0,26215.618885714288,-3.592509764,0,0,2,0,0,1,0,0,0,1,2025-01-30 21:30:52.366000+00:00,0,0,100,4.192509764,1,1,0.6,2025-01-30T21:21:00.000Z,12qbvNxwtXahXwCumrne6qCikF9fMcrAyDmq2G9LQETY,-6.8799798525292015,0,0,-4.162457058,2.24994874656e-05,1,0,2,-18.099890409581967,0.0,0,3,21813.618171119975,1,0,97,0,24932.804749251107,0,0,2025-01-30 21:30:52.366000+00:00,marketContext_0000000486,2.24994874656e-05,31.027808159
10,93935.3034262288,24543.404483522776,-75.43806525876896,593,0,22499.487465659568,-7.183011560683355,0,0.0,0,0,0,0,0.0,4.162457058,0,0,-17.568718805984172,0.2,0,25710.551057658704,-3.992509764,0,0,2,0,0,1,0,0,0,1,2025-01-30 21:30:53.846000+00:00,0,0,100,4.192509764,1,1,0.2,2025-01-30T21:21:00.000Z,12qbvNxwtXahXwCumrne6qCikF9fMcrAyDmq2G9LQETY,-6.8799798525292015,0,0,-4.162457058,2.24994874656e-05,1,0,2,-18.099890409581967,0.0,0,1,21813.618171119975,1,0,97,0,24866.311627702886,0,0,2025-01-30 21:30:53.846000+00:00,marketContext_0000000487,2.24994874656e-05,35.190265217
9,93935.3034262288,24513.435577062854,-75.43806525876896,595,0,22499.487465659568,-7.183011560683355,0,0.0,0,0,0,0,0.0,0.0,0,0,-18.099890409581967,0.0,0,24890.96758468911,-4.162457058,0,0,2,0,0,1,0,0,0,0,2025-01-30 21:30:55.330000+00:00,0,0,100,4.162457058,1,0,0.0,2025-01-30T21:21:00.000Z,12qbvNxwtXahXwCumrne6qCikF9fMcrAyDmq2G9LQETY,-6.8799798525292015,0,0,0.0,2.24994874656e-05,0,0,1,0.0,0.0,0,0,21813.618171119975,1,0,97,0,24826.401964562556,0,0,2025-01-30 21:30:55.330000+00:00,marketContext_0000000488,2.24994874656e-05,35.190265217
8,93935.3034262288,24477.746281006854,-75.43806525876896,596,0,22499.487465659568,-7.07519255733411,0,0.0,0,0,0,0,0.0,0.024800571,0,0,-18.099890409581967,0.0,0,24269.42040447654,-4.187257629,0,0,2,0,0,1,0,0,0,2,2025-01-30 21:30:56.468000+00:00,0,0,100,4.187257629,1,0,0.0,2025-01-30T21:21:00.000Z,12qbvNxwtXahXwCumrne6qCikF9fMcrAyDmq2G9LQETY,-6.737483079545424,0,0,-0.024800571,2.24994874656e-05,0,0,3,0.0,0.0,0,0,21813.618171119975,1,0,97,0,24733.325384606436,0,0,2025-01-30 21:30:56.468000+00:00,marketContext_0000000489,2.24994874656e-05,35.215065788
7,93935.3034262288,24446.640856430313,-75.43806525876896,598,0,22499.487465659568,-7.07519255733411,0,0.0,0,0,0,0,0.0,0.317912285,0,0,-18.099890409581967,0.0,0,23101.588698107364,-4.480369343,0,0,2,0,0,1,0,0,0,4,2025-01-30 21:30:58.506000+00:00,0,0,100,4.480369343,1,0,0.0,2025-01-30T21:21:00.000Z,12qbvNxwtXahXwCumrne6qCikF9fMcrAyDmq2G9LQETY,-6.747411173445676,0,0,-0.317912285,2.24994874656e-05,0,0,5,0.0,0.0,0,0,21813.618171119975,1,0,97,0,24694.0528756841,0,0,2025-01-30 21:30:58.506000+00:00,marketContext_0000000490,2.24994874656e-05,35.532978072999995
6,93935.3034262288,24405.336047460863,-75.68722699405947,599,0,22271.247654783416,-8.017842495862162,0,-1.014422267282783,0,0,0,0,0.0,0.317912285,0,0,-16.631413584663953,0.0,0,22466.881778391544,-0.317912285,0,0,2,0,0,0,0,0,0,4,2025-01-30 21:30:59.834000+00:00,0,0,100,0.317912285,0,0,0.0,2025-01-30T21:21:00.000Z,12qbvNxwtXahXwCumrne6qCikF9fMcrAyDmq2G9LQETY,-7.61654222379735,0,0,-0.317912285,2.22712476547e-05,0,0,4,-1.0144222672827827,0.0,0,0,21813.618171119975,1,0,97,0,24616.71040878039,0,0,2025-01-30 21:30:59.834000+00:00,marketContext_0000000491,2.24994874656e-05,35.850890357999994
5,93935.3034262288,24360.875872613415,-75.68722699405947,601,0,22271.247654783416,-8.017842495862162,0,0.0,0,0,0,0,0.0,0.293111714,0,0,-1.0144222672827827,0.0,0,22434.276091123524,-0.317912285,0,0,2,0,0,0,0,0,0,2,2025-01-30 21:31:01.081000+00:00,0,0,100,0.317912285,0,0,0.0,2025-01-30T21:21:00.000Z,12qbvNxwtXahXwCumrne6qCikF9fMcrAyDmq2G9LQETY,-7.61654222379735,0,0,-0.293111714,2.22712476547e-05,0,0,4,-1.0144222672827827,0.0,0,0,21813.618171119975,1,0,97,0,24540.204153303428,0,0,2025-01-30 21:31:01.081000+00:00,marketContext_0000000492,2.22712476547e-05,36.14400207199999
4,93935.3034262288,24322.726429521965,-75.68722699405947,602,0,22271.247654783416,-8.017842495862162,0,0.0,0,0,0,0,0.0,0.0,0,0,-1.0144222672827827,0.0,0,22401.670403855504,-0.317912285,0,0,2,0,0,0,0,0,0,0,2025-01-30 21:31:02.528000+00:00,0,0,100,0.317912285,0,0,0.0,2025-01-30T21:21:00.000Z,12qbvNxwtXahXwCumrne6qCikF9fMcrAyDmq2G9LQETY,-7.61654222379735,0,0,0.0,2.22712476547e-05,0,0,4,-1.0144222672827827,0.0,0,0,21813.618171119975,1,0,97,0,24463.697897826467,0,0,2025-01-30 21:31:02.528000+00:00,marketContext_0000000493,2.22712476547e-05,36.14400207199999
3,93935.3034262288,24276.37702628524,-75.87640468368134,603,0,22097.955074159276,-8.733555674232065,0,-0.7781000117742475,0,0,0,0,0.0,0.035193853,0,0,-1.7846290592758625,0.0,0,22363.705987643476,-0.353106138,0,0,0,0,0,0,0,0,0,1,2025-01-30 21:31:03.694000+00:00,0,0,100,0.353106138,0,0,0.0,2025-01-30T21:21:00.000Z,12qbvNxwtXahXwCumrne6qCikF9fMcrAyDmq2G9LQETY,-8.33537791963144,0,0,-0.035193853,2.20979550741e-05,0,0,5,-1.7846290592758625,0.0,0,0,21813.618171119975,-2,0,95,0,24379.971118156835,0,0,2025-01-30 21:31:03.694000+00:00,marketContext_0000000494,2.22712476547e-05,36.179195924999995
2,93935.3034262288,24089.103665752387,-77.84496611492116,606,0,20294.692272829103,-16.18118526303418,1,5.3459588763266295,0,0,0,0,1.0,2.645022954,0,0,-9.799312967442436,1.0,0,21683.771128442742,-1.938134668,0,0,0,0,0,1,0,0,0,2,2025-01-30 21:31:06.141000+00:00,0,0,100,2.938134668,0,1,1.0,2025-01-30T21:21:00.000Z,12qbvNxwtXahXwCumrne6qCikF9fMcrAyDmq2G9LQETY,-15.885524202801989,0,0,-1.645022954,2.02946922728e-05,0,1,4,-8.874919863458073,1.0,0,0,19264.80378488418,-2,0,95,0,24019.26892534043,0,0,2025-01-30 21:31:06.141000+00:00,marketContext_0000000495,2.20979550741e-05,37.82421887899999
1,93935.3034262288,24005.744486954125,-77.84496611492116,607,0,20294.692272829103,-16.18118526303418,1,0.0,0,0,0,0,1.0,2.645022954,0,0,-9.799312967442436,1.0,0,21408.171729338937,-1.645022954,0,0,0,0,0,1,0,0,0,2,2025-01-30 21:31:07.159000+00:00,0,0,100,2.645022954,0,1,1.0,2025-01-30T21:21:00.000Z,12qbvNxwtXahXwCumrne6qCikF9fMcrAyDmq2G9LQETY,-15.885524202801989,0,0,-1.645022954,2.02946922728e-05,0,1,2,-8.874919863458073,1.0,0,0,19264.80378488418,-2,0,95,0,23859.569984188623,0,0,2025-01-30 21:31:07.159000+00:00,marketContext_0000000496,2.02946922728e-05,39.46924183299999
0,93935.3034262288,24005.744486954125,-77.84496611492116,607,0,20294.692272829103,-16.18118526303418,1,0.0,0,0,0,0,1.0,2.645022954,0,0,-9.799312967442436,1.0,0,21408.171729338937,-1.645022954,0,0,0,0,0,1,0,0,0,2,2025-01-30 21:31:07.504000+00:00,0,0,100,2.645022954,0,1,1.0,2025-01-30T21:21:00.000Z,12qbvNxwtXahXwCumrne6qCikF9fMcrAyDmq2G9LQETY,-15.885524202801989,0,0,-1.645022954,2.02946922728e-05,0,1,2,-8.874919863458073,1.0,0,0,19264.80378488418,-2,0,95,0,23859.569984188623,0,0,2025-01-30 21:31:07.504000+00:00,marketContext_0000000497,2.02946922728e-05,41.11426478699999
