,athMarketCap,maMarketCap60s,priceChangeFromStart,tradeLast5Seconds,marketCapChange60s,marketCap,timeFromStart,priceChangePercent,buyVolume10s,poolAddress,marketCapChange30s,superBuy5s,largeBuy10s,bigBuy5s,marketCapChange10s,currentPrice,largeBuy5s,netVolume5s,maMarketCap10s,marketCapChange5s,buyVolume5s,holderDelta10s,holdersGrowthFromStart,holderDelta60s,netVolume10s,minMarketCap,holderDelta30s,holderDelta5s,holdersCount,superBuy10s,maMarketCap30s,bigBuy10s,tradeLast10Seconds,timestamp,initialHoldersCount,doc_id,tradeLast5Seconds.volume.buy,tradeLast5Seconds.volume.sell,tradeLast5Seconds.tradeCount.buy.large,tradeLast5Seconds.tradeCount.buy.medium,tradeLast5Seconds.tradeCount.buy.super,tradeLast5Seconds.tradeCount.buy.small,tradeLast5Seconds.tradeCount.sell.large,tradeLast5Seconds.tradeCount.sell.medium,tradeLast5Seconds.tradeCount.sell.super,tradeLast5Seconds.tradeCount.sell.small,lastPrice,totalVolume,trade_last5Seconds.volume.buy,trade_last5Seconds.volume.sell,trade_last5Seconds.volume.bot,trade_last5Seconds.tradeCount.buy.small,trade_last5Seconds.tradeCount.buy.medium,trade_last5Seconds.tradeCount.buy.large,trade_last5Seconds.tradeCount.buy.big,trade_last5Seconds.tradeCount.buy.super,trade_last5Seconds.tradeCount.sell.small,trade_last5Seconds.tradeCount.sell.medium,trade_last5Seconds.tradeCount.sell.large,trade_last5Seconds.tradeCount.sell.big,trade_last5Seconds.tradeCount.sell.super,trade_last10Seconds.volume.buy,trade_last10Seconds.volume.sell,trade_last10Seconds.volume.bot,trade_last10Seconds.tradeCount.buy.small,trade_last10Seconds.tradeCount.buy.medium,trade_last10Seconds.tradeCount.buy.large,trade_last10Seconds.tradeCount.buy.big,trade_last10Seconds.tradeCount.buy.super,trade_last10Seconds.tradeCount.sell.small,trade_last10Seconds.tradeCount.sell.medium,trade_last10Seconds.tradeCount.sell.large,trade_last10Seconds.tradeCount.sell.big,trade_last10Seconds.tradeCount.sell.super,trade_last5Seconds.tradeCount.bot,trade_last10Seconds.tradeCount.bot,creationTime
99,111013.13072356,95824.4735193,104.50786203,0.0,0.41684908,95286.01416874,1024,-1.6701922334321477,0,26aNgGGWuDSBeS1iNVTVhbWprfs7jRzFfcj78kHVDaa8,-0.67061348,0,0,0,-0.39404538,9.529e-05,0,0,99945.54927137,-6.31299616,0,-3,0,5,0,41673.74948407,-8,2,960,0,97231.00663979,0,0.0,2025-03-11 13:21:12.284000+00:00,337,marketContext_1741699272,0.0,0.0,0.0,0.0,0.0,0.0,0.0,0.0,0.0,0.0,9.529e-05,0,0,0,0,1,0,0,0,0,0,0,0,0,0,0,0,0,2,0,0,0,0,0,0,0,0,0,0,0,1024
98,111013.13072356,95919.01461768,110.42193616,0.0,5.06572421,98041.54906839,1025,2.891856610540796,0,26aNgGGWuDSBeS1iNVTVhbWprfs7jRzFfcj78kHVDaa8,0.8065659,0,0,0,-2.0494413,9.804e-05,0,0,99755.14925107,5.64877588,0,-3,0,7,0,41673.74948407,-2,2,960,0,97262.38434588,0,0.0,2025-03-11 13:21:13.284000+00:00,337,marketContext_1741699273,0.0,0.0,0.0,0.0,0.0,0.0,0.0,0.0,0.0,0.0,9.529e-05,0,0,0,0,1,0,0,0,0,0,0,0,0,0,0,0,0,2,0,0,0,0,0,0,0,0,0,0,0,1024
97,111013.13072356,95868.0484818,100.11131253,0.0,-2.66042109,93237.53703953,1026,-4.899975647580091,0,26aNgGGWuDSBeS1iNVTVhbWprfs7jRzFfcj78kHVDaa8,-9.1454271,0,0,0,-4.50458611,9.324e-05,0,0,99069.61353652,-5.35869497,0,-3,0,7,0,41673.74948407,-2,0,960,0,96886.97248906,0,0.0,2025-03-11 13:21:14.283000+00:00,337,marketContext_1741699274,0.0,0.0,0.0,0.0,0.0,0.0,0.0,0.0,0.0,0.0,9.804e-05,0,0,0,0,1,0,0,0,0,0,0,0,0,0,0,0,0,2,0,0,0,0,0,0,0,0,0,0,0,1024
96,111013.13072356,95816.52644177,101.08513132,0.0,-2.67598672,93691.26683789,1027,0.4866385500593337,0,26aNgGGWuDSBeS1iNVTVhbWprfs7jRzFfcj78kHVDaa8,1.12716587,0,0,0,-15.60343697,9.369e-05,0,0,98675.17846988,-4.89813389,0,9,0,8,0,41673.74948407,1,3,963,0,96928.74389548,0,0.0,2025-03-11 13:21:15.285000+00:00,337,marketContext_1741699275,0.0,0.0,0.0,0.0,0.0,0.0,0.0,0.0,0.0,0.0,9.324e-05,0,0,0,0,1,0,0,0,0,0,0,0,0,0,0,0,0,2,0,0,0,0,0,0,0,0,0,0,0,1024
95,111013.13072356,95703.76411253,96.23078992,0.0,-5.80844278,91429.49147549,1028,-2.4140727719179624,0,26aNgGGWuDSBeS1iNVTVhbWprfs7jRzFfcj78kHVDaa8,1.61275866,0,0,0,-13.38193549,9.143e-05,0,0,96716.81454507,-5.64990676,0,9,0,8,0,41673.74948407,1,0,963,0,96986.78924559,0,0.0,2025-03-11 13:21:16.285000+00:00,337,marketContext_1741699276,0.0,0.0,0.0,0.0,0.0,0.0,0.0,0.0,0.0,0.0,9.369e-05,0,0,0,0,1,0,0,0,0,0,0,0,0,0,0,0,0,2,0,0,0,0,0,0,0,0,0,0,0,1024
94,111013.13072356,95703.76411253,96.23078992,0.0,-5.80844278,91429.49147549,1029,-2.4140727719179624,0,26aNgGGWuDSBeS1iNVTVhbWprfs7jRzFfcj78kHVDaa8,1.61275866,0,0,0,-13.38193549,9.143e-05,0,0,96716.81454507,-5.64990676,0,4,0,4,0,41673.74948407,-3,-1,962,0,96986.78924559,0,0.0,2025-03-11 13:21:17.283000+00:00,337,marketContext_1741699277,0.0,0.0,0.0,0.0,0.0,0.0,0.0,0.0,0.0,0.0,9.143e-05,0,0,0,0,1,0,0,0,0,0,0,0,0,0,0,0,0,2,0,0,0,0,0,0,0,0,0,0,0,1024
93,111013.13072356,95758.50780348,106.81377442,0.0,2.9236172,96360.40416139,1030,5.393131479043613,0,26aNgGGWuDSBeS1iNVTVhbWprfs7jRzFfcj78kHVDaa8,-0.33126147,0,0,0,3.83718781,9.636e-05,0,0,95140.78112699,-1.71472699,0,4,0,4,0,41673.74948407,-3,-1,962,0,97038.04287986,0,0.0,2025-03-11 13:21:18.285000+00:00,337,marketContext_1741699278,0.0,0.0,0.0,0.0,0.0,0.0,0.0,0.0,0.0,0.0,9.143e-05,0,0,0,0,1,0,0,0,0,0,0,0,0,0,0,0,0,2,0,0,0,0,0,0,0,0,0,0,0,1024
92,111013.13072356,95774.93090482,106.10618949,0.0,0.86247119,96030.72026891,1031,-0.34213626991675355,0,26aNgGGWuDSBeS1iNVTVhbWprfs7jRzFfcj78kHVDaa8,-0.20166037,0,0,0,-2.52345806,9.603e-05,0,0,95499.80420347,2.99577114,0,3,0,6,0,41673.74948407,-1,0,963,0,97029.95757874,0,0.0,2025-03-11 13:21:19.285000+00:00,337,marketContext_1741699279,0.0,0.0,0.0,0.0,0.0,0.0,0.0,0.0,0.0,0.0,9.636e-05,0,0,0,0,1,0,0,0,0,0,0,0,0,0,0,0,0,2,0,0,0,0,0,0,0,0,0,0,0,1024
91,111013.13072356,95803.83700885,106.78147954,0.0,1.5229762,96345.35706107,1032,0.32764181220014904,0,26aNgGGWuDSBeS1iNVTVhbWprfs7jRzFfcj78kHVDaa8,0.12532071,0,0,0,-0.57700995,9.635e-05,0,0,95258.53841979,2.83280429,0,3,0,6,0,41673.74948407,-1,1,963,0,97034.98214396,0,0.0,2025-03-11 13:21:20.285000+00:00,337,marketContext_1741699280,0.0,0.0,0.0,0.0,0.0,0.0,0.0,0.0,0.0,0.0,9.603e-05,0,0,0,0,1,0,0,0,0,0,0,0,0,0,0,0,0,2,0,0,0,0,0,0,0,0,0,0,0,1024
90,111013.13072356,95686.84952695,92.81392124,0.0,-5.55220309,89837.47543206,1033,-6.754743381026263,0,26aNgGGWuDSBeS1iNVTVhbWprfs7jRzFfcj78kHVDaa8,-6.90571856,0,0,0,-7.29277779,8.984e-05,0,0,94473.31283483,-1.74125003,0,0,0,3,0,41673.74948407,-1,1,963,0,96747.08187548,0,0.0,2025-03-11 13:21:21.284000+00:00,337,marketContext_1741699281,0.0,0.0,0.0,0.0,0.0,0.0,0.0,0.0,0.0,0.0,9.635e-05,0,0,0,0,1,0,0,0,0,0,0,0,0,0,0,0,0,2,0,0,0,0,0,0,0,0,0,0,0,1024
89,111013.13072356,95420.6979075,75.01601023,0.0,-14.27031573,81544.9238202,1034,-9.230615143602938,0,26aNgGGWuDSBeS1iNVTVhbWprfs7jRzFfcj78kHVDaa8,-15.4988934,0,0,0,-14.42088901,8.154e-05,0,0,92946.52501833,-15.37507078,0,0,0,3,0,41673.74948407,-1,0,963,0,96148.8146422,0,0.0,2025-03-11 13:21:22.285000+00:00,337,marketContext_1741699282,0.0,0.0,0.0,0.0,0.0,0.0,0.0,0.0,0.0,0.0,8.984e-05,0,0,0,0,1,0,0,0,0,0,0,0,0,0,0,0,0,2,0,0,0,0,0,0,0,0,0,0,0,1024
88,111013.13072356,95091.40838495,68.10500569,0.0,-17.65559595,78324.89076201,1035,-3.948784188324903,0,26aNgGGWuDSBeS1iNVTVhbWprfs7jRzFfcj78kHVDaa8,-19.26917534,0,0,0,-20.11051283,7.832e-05,0,0,90755.78520651,-18.7167266,0,7,0,11,0,41673.74948407,4,7,970,0,95401.01796836,0,0.0,2025-03-11 13:21:23.285000+00:00,337,marketContext_1741699283,0.0,0.0,0.0,0.0,0.0,0.0,0.0,0.0,0.0,0.0,8.154e-05,0,0,0,0,1,0,0,0,0,0,0,0,0,0,0,0,0,2,0,0,0,0,0,0,0,0,0,0,0,1024
87,111013.13072356,95091.40838495,68.10500569,0.0,-17.65559595,78324.89076201,1036,-3.948784188324903,0,26aNgGGWuDSBeS1iNVTVhbWprfs7jRzFfcj78kHVDaa8,-19.26917534,0,0,0,-20.11051283,7.832e-05,0,0,90755.78520651,-18.7167266,0,7,0,11,0,41673.74948407,4,0,970,0,95401.01796836,0,0.0,2025-03-11 13:21:24.284000+00:00,337,marketContext_1741699284,0.0,0.0,0.0,0.0,0.0,0.0,0.0,0.0,0.0,0.0,7.832e-05,0,0,0,0,1,0,0,0,0,0,0,0,0,0,0,0,0,2,0,0,0,0,0,0,0,0,0,0,0,1024
86,111013.13072356,94915.59535981,74.86277178,0.0,-11.78677903,81473.5256834,1037,4.019967204239411,0,26aNgGGWuDSBeS1iNVTVhbWprfs7jRzFfcj78kHVDaa8,-19.08711742,0,0,0,-13.04042689,8.147e-05,0,0,88918.34858307,-15.43596062,0,9,0,6,0,41673.74948407,7,1,971,0,94632.24310754,0,0.0,2025-03-11 13:21:25.285000+00:00,337,marketContext_1741699285,0.0,0.0,0.0,0.0,0.0,0.0,0.0,0.0,0.0,0.0,7.832e-05,0,0,0,0,1,0,0,0,0,0,0,0,0,0,0,0,0,2,0,0,0,0,0,0,0,0,0,0,0,1024
85,111013.13072356,94690.18585104,73.55432333,0.0,-12.44685351,80863.88243125,1038,-0.7482715974744175,0,26aNgGGWuDSBeS1iNVTVhbWprfs7jRzFfcj78kHVDaa8,-14.17965591,0,0,0,-11.5560186,8.086e-05,0,0,87597.64745254,-9.98869676,0,9,0,6,0,41673.74948407,7,1,971,0,94097.81410203,0,0.0,2025-03-11 13:21:26.286000+00:00,337,marketContext_1741699286,0.0,0.0,0.0,0.0,0.0,0.0,0.0,0.0,0.0,0.0,8.147e-05,0,0,0,0,1,0,0,0,0,0,0,0,0,0,0,0,0,2,0,0,0,0,0,0,0,0,0,0,0,1024
84,111013.13072356,94690.18585104,73.55432333,0.0,-12.44685351,80863.88243125,1039,-0.7482715974744175,0,26aNgGGWuDSBeS1iNVTVhbWprfs7jRzFfcj78kHVDaa8,-14.17965591,0,0,0,-11.5560186,8.086e-05,0,0,87597.64745254,-9.98869676,0,10,0,8,0,41673.74948407,8,3,973,0,94097.81410203,0,0.0,2025-03-11 13:21:27.284000+00:00,337,marketContext_1741699287,0.0,0.0,0.0,0.0,0.0,0.0,0.0,0.0,0.0,0.0,8.086e-05,0,0,0,0,1,0,0,0,0,0,0,0,0,0,0,0,0,2,0,0,0,0,0,0,0,0,0,0,0,1024
83,111013.13072356,94490.41821815,77.47837671,0.0,-12.17037784,82692.21021532,1040,2.2609943142735895,0,26aNgGGWuDSBeS1iNVTVhbWprfs7jRzFfcj78kHVDaa8,-10.4958676,0,0,0,-14.18445062,8.269e-05,0,0,85889.12320928,5.57590239,0,10,0,8,0,41673.74948407,8,2,973,0,93770.70777922,0,0.0,2025-03-11 13:21:28.286000+00:00,337,marketContext_1741699288,0.0,0.0,0.0,0.0,0.0,0.0,0.0,0.0,0.0,0.0,8.086e-05,0,0,0,0,1,0,0,0,0,0,0,0,0,0,0,0,0,2,0,0,0,0,0,0,0,0,0,0,0,1024
82,111013.13072356,94490.41821815,77.47837671,0.0,-12.17037784,82692.21021532,1041,2.2609943142735895,0,26aNgGGWuDSBeS1iNVTVhbWprfs7jRzFfcj78kHVDaa8,-10.4958676,0,0,0,-14.18445062,8.269e-05,0,0,85889.12320928,5.57590239,0,3,0,7,0,41673.74948407,6,2,973,0,93770.70777922,0,0.0,2025-03-11 13:21:29.284000+00:00,337,marketContext_1741699289,0.0,0.0,0.0,0.0,0.0,0.0,0.0,0.0,0.0,0.0,8.269e-05,0,0,0,0,1,0,0,0,0,0,0,0,0,0,0,0,0,2,0,0,0,0,0,0,0,0,0,0,0,1024
81,111013.13072356,94246.51039921,77.44248432,0.0,-12.66412235,82675.48693077,1042,-0.020223530728455112,0,26aNgGGWuDSBeS1iNVTVhbWprfs7jRzFfcj78kHVDaa8,-13.38422217,0,0,0,-14.1884057,8.268e-05,0,0,84219.71904201,1.4752783,0,3,0,7,0,41673.74948407,6,0,973,0,93238.40142947,0,0.0,2025-03-11 13:21:30.285000+00:00,337,marketContext_1741699290,0.0,0.0,0.0,0.0,0.0,0.0,0.0,0.0,0.0,0.0,8.269e-05,0,0,0,0,1,0,0,0,0,0,0,0,0,0,0,0,0,2,0,0,0,0,0,0,0,0,0,0,0,1024
80,111013.13072356,93889.95405858,64.01382445,0.0,-17.82654056,76418.69336773,1043,-7.567894421093922,0,26aNgGGWuDSBeS1iNVTVhbWprfs7jRzFfcj78kHVDaa8,-20.11674567,0,0,0,-14.93673102,7.642e-05,0,0,81728.88608034,-5.49712545,0,10,0,11,0,41673.74948407,17,7,980,0,92436.55658324,0,0.0,2025-03-11 13:21:31.286000+00:00,337,marketContext_1741699291,0.0,0.0,0.0,0.0,0.0,0.0,0.0,0.0,0.0,0.0,8.268e-05,0,0,0,0,1,0,0,0,0,0,0,0,0,0,0,0,0,2,0,0,0,0,0,0,0,0,0,0,0,1024
79,111013.13072356,93573.30291558,65.61397673,0.0,-17.02483955,77164.24970776,1044,0.9756203713750962,0,26aNgGGWuDSBeS1iNVTVhbWprfs7jRzFfcj78kHVDaa8,-22.90736487,0,0,0,-5.37209909,7.716e-05,0,0,80144.7328648,-4.57513616,0,10,0,11,0,41673.74948407,17,0,980,0,91825.66430822,0,0.0,2025-03-11 13:21:32.285000+00:00,337,marketContext_1741699292,0.0,0.0,0.0,0.0,0.0,0.0,0.0,0.0,0.0,0.0,7.642e-05,0,0,0,0,1,0,0,0,0,0,0,0,0,0,0,0,0,2,0,0,0,0,0,0,0,0,0,0,0,1024
78,111013.13072356,93272.94996228,67.43964158,0.0,-16.14236251,78014.87875208,1045,1.102361582654097,0,26aNgGGWuDSBeS1iNVTVhbWprfs7jRzFfcj78kHVDaa8,-22.05752527,0,0,0,-0.39580267,7.801e-05,0,0,79703.47723129,-5.65631448,0,14,0,13,0,41673.74948407,22,5,985,0,90942.5436909,0,0.0,2025-03-11 13:21:33.286000+00:00,337,marketContext_1741699293,0.0,0.0,0.0,0.0,0.0,0.0,0.0,0.0,0.0,0.0,7.716e-05,0,0,0,0,1,0,0,0,0,0,0,0,0,0,0,0,0,2,0,0,0,0,0,0,0,0,0,0,0,1024
77,111013.13072356,92968.40462529,67.82752974,0.0,-16.29929186,78195.60684737,1046,0.23165849665267046,0,26aNgGGWuDSBeS1iNVTVhbWprfs7jRzFfcj78kHVDaa8,-19.9107776,0,0,0,-0.16506109,7.82e-05,0,0,79687.31674196,-5.43775932,0,14,0,13,0,41673.74948407,22,5,985,0,90164.94326462,0,0.0,2025-03-11 13:21:34.285000+00:00,337,marketContext_1741699294,0.0,0.0,0.0,0.0,0.0,0.0,0.0,0.0,0.0,0.0,7.801e-05,0,0,0,0,1,0,0,0,0,0,0,0,0,0,0,0,0,2,0,0,0,0,0,0,0,0,0,0,0,1024
76,111013.13072356,92659.07402043,65.67470295,0.0,-18.28931738,77192.54377726,1047,-1.2827614114757495,0,26aNgGGWuDSBeS1iNVTVhbWprfs7jRzFfcj78kHVDaa8,-30.46539335,0,0,0,-5.25444538,7.719e-05,0,0,79410.11974588,-6.63188492,0,9,0,11,0,41673.74948407,28,2,982,0,89666.0048228,0,0.0,2025-03-11 13:21:35.285000+00:00,337,marketContext_1741699295,0.0,0.0,0.0,0.0,0.0,0.0,0.0,0.0,0.0,0.0,7.82e-05,0,0,0,0,1,0,0,0,0,0,0,0,0,0,0,0,0,2,0,0,0,0,0,0,0,0,0,0,0,1024
75,111013.13072356,92171.64859064,49.40465816,0.0,-26.31369553,69611.86837869,1048,-9.820476211335052,0,26aNgGGWuDSBeS1iNVTVhbWprfs7jRzFfcj78kHVDaa8,-34.05141811,0,0,0,-13.91475862,6.961e-05,0,0,77745.69224712,-8.90727738,0,9,0,11,0,41673.74948407,28,-3,982,0,87374.4040588,0,0.0,2025-03-11 13:21:36.286000+00:00,337,marketContext_1741699296,0.0,0.0,0.0,0.0,0.0,0.0,0.0,0.0,0.0,0.0,7.719e-05,0,0,0,0,1,0,0,0,0,0,0,0,0,0,0,0,0,2,0,0,0,0,0,0,0,0,0,0,0,1024
74,111013.13072356,91846.88922732,67.12032842,0.0,-17.53990563,77866.10169194,1049,11.8575086483128,0,26aNgGGWuDSBeS1iNVTVhbWprfs7jRzFfcj78kHVDaa8,-23.44058221,0,0,0,-3.70719368,7.787e-05,0,0,77759.07107433,0.9095559,0,3,0,13,0,41673.74948407,25,-2,983,0,86420.77781083,0,0.0,2025-03-11 13:21:37.286000+00:00,337,marketContext_1741699297,0.0,0.0,0.0,0.0,0.0,0.0,0.0,0.0,0.0,0.0,6.961e-05,0,0,0,0,1,0,0,0,0,0,0,0,0,0,0,0,0,2,0,0,0,0,0,0,0,0,0,0,0,1024
73,111013.13072356,91328.62666773,48.15589583,0.0,-27.68803263,69030.03458801,1050,-11.347771253395695,0,26aNgGGWuDSBeS1iNVTVhbWprfs7jRzFfcj78kHVDaa8,-25.61379616,0,0,0,-16.52172023,6.903e-05,0,0,76241.05156018,-11.51683411,0,3,0,13,0,41673.74948407,25,1,983,0,85469.99869113,0,0.0,2025-03-11 13:21:38.286000+00:00,337,marketContext_1741699298,0.0,0.0,0.0,0.0,0.0,0.0,0.0,0.0,0.0,0.0,7.787e-05,0,0,0,0,1,0,0,0,0,0,0,0,0,0,0,0,0,2,0,0,0,0,0,0,0,0,0,0,0,1024
72,111013.13072356,90841.460133,49.17478659,0.0,-26.3332542,69504.76469484,1051,0.6877152962064574,0,26aNgGGWuDSBeS1iNVTVhbWprfs7jRzFfcj78kHVDaa8,-29.44878377,0,0,0,-15.93062554,6.95e-05,0,0,75567.42287365,-11.11423327,0,3,0,15,0,41673.74948407,23,1,983,0,84309.51931435,0,0.0,2025-03-11 13:21:39.286000+00:00,337,marketContext_1741699299,0.0,0.0,0.0,0.0,0.0,0.0,0.0,0.0,0.0,0.0,6.903e-05,0,0,0,0,1,0,0,0,0,0,0,0,0,0,0,0,0,2,0,0,0,0,0,0,0,0,0,0,0,1024
71,111013.13072356,90319.00457536,48.76291687,0.0,-27.76757194,69312.86290848,1052,-0.27609874978512683,0,26aNgGGWuDSBeS1iNVTVhbWprfs7jRzFfcj78kHVDaa8,-28.47302361,0,0,0,-16.16274003,6.931e-05,0,0,74231.16047142,-10.20782641,0,3,0,15,0,41673.74948407,23,0,983,0,83732.7248372,0,0.0,2025-03-11 13:21:40.286000+00:00,337,marketContext_1741699300,0.0,0.0,0.0,0.0,0.0,0.0,0.0,0.0,0.0,0.0,6.95e-05,0,0,0,0,1,0,0,0,0,0,0,0,0,0,0,0,0,2,0,0,0,0,0,0,0,0,0,0,0,1024
70,111013.13072356,89786.17887337,44.93708962,0.0,-28.69360587,67530.30146699,1053,-2.5717613826469456,0,26aNgGGWuDSBeS1iNVTVhbWprfs7jRzFfcj78kHVDaa8,-30.31252677,0,0,0,-11.63117492,6.753e-05,0,0,73342.32128134,-2.99024715,0,-5,0,12,0,41673.74948407,17,-3,980,0,82602.94775145,0,0.0,2025-03-11 13:21:41.285000+00:00,337,marketContext_1741699301,0.0,0.0,0.0,0.0,0.0,0.0,0.0,0.0,0.0,0.0,6.931e-05,0,0,0,0,1,0,0,0,0,0,0,0,0,0,0,0,0,2,0,0,0,0,0,0,0,0,0,0,0,1024
69,111013.13072356,89786.17887337,44.93708962,0.0,-28.69360587,67530.30146699,1054,-2.5717613826469456,0,26aNgGGWuDSBeS1iNVTVhbWprfs7jRzFfcj78kHVDaa8,-30.31252677,0,0,0,-11.63117492,6.753e-05,0,0,73342.32128134,-2.99024715,0,-5,0,12,0,41673.74948407,17,0,980,0,82602.94775145,0,0.0,2025-03-11 13:21:42.285000+00:00,337,marketContext_1741699302,0.0,0.0,0.0,0.0,0.0,0.0,0.0,0.0,0.0,0.0,6.753e-05,0,0,0,0,1,0,0,0,0,0,0,0,0,0,0,0,0,2,0,0,0,0,0,0,0,0,0,0,0,1024
68,111013.13072356,88087.90400147,-60.3232719,0.0,-80.99212098,18486.51312611,1055,-72.62486213667557,0,26aNgGGWuDSBeS1iNVTVhbWprfs7jRzFfcj78kHVDaa8,-81.14420539,0,0,0,-76.30386226,1.849e-05,0,0,66303.39971997,-73.21960906,0,-23,0,-3,0,18486.51312611,-4,-21,959,0,78913.42365706,0,0.0,2025-03-11 13:21:43.286000+00:00,337,marketContext_1741699303,0.0,0.0,0.0,0.0,0.0,0.0,0.0,0.0,0.0,0.0,6.753e-05,0,0,0,0,1,0,0,0,0,0,0,0,0,0,0,0,0,2,0,0,0,0,0,0,0,0,0,0,0,1024
67,111013.13072356,86383.96082201,-62.60009966,0.0,-83.01969075,17425.67448686,1056,-5.738446358223266,0,26aNgGGWuDSBeS1iNVTVhbWprfs7jRzFfcj78kHVDaa8,-81.31045173,0,0,0,-77.71527687,1.743e-05,0,0,59551.18501324,-74.92880587,0,-23,0,-3,0,17425.67448686,-4,-21,959,0,75880.94915496,0,0.0,2025-03-11 13:21:44.287000+00:00,337,marketContext_1741699304,0.0,0.0,0.0,0.0,0.0,0.0,0.0,0.0,0.0,0.0,1.849e-05,0,0,0,0,1,0,0,0,0,0,0,0,0,0,0,0,0,2,0,0,0,0,0,0,0,0,0,0,0,1024
66,111013.13072356,86383.96082201,-62.60009966,0.0,-83.01969075,17425.67448686,1057,-5.738446358223266,0,26aNgGGWuDSBeS1iNVTVhbWprfs7jRzFfcj78kHVDaa8,-81.31045173,0,0,0,-77.71527687,1.743e-05,0,0,59551.18501324,-74.92880587,0,-58,0,-37,0,17425.67448686,-37,-55,925,0,75880.94915496,0,0.0,2025-03-11 13:21:45.284000+00:00,337,marketContext_1741699305,0.0,0.0,0.0,0.0,0.0,0.0,0.0,0.0,0.0,0.0,1.743e-05,0,0,0,0,1,0,0,0,0,0,0,0,0,0,0,0,0,2,0,0,0,0,0,0,0,0,0,0,0,1024
65,111013.13072356,84594.37537323,-81.64590912,0.0,-90.49583499,8551.69158803,1058,-50.92475993123556,0,26aNgGGWuDSBeS1iNVTVhbWprfs7jRzFfcj78kHVDaa8,-90.64668145,0,0,0,-87.71518164,8.55e-06,0,0,49713.49306891,-87.33651205,0,-58,0,-37,0,8551.69158803,-37,-34,925,0,71685.61092286,0,0.0,2025-03-11 13:21:46.287000+00:00,337,marketContext_1741699306,0.0,0.0,0.0,0.0,0.0,0.0,0.0,0.0,0.0,0.0,1.743e-05,0,0,0,0,1,0,0,0,0,0,0,0,0,0,0,0,0,2,0,0,0,0,0,0,0,0,0,0,0,1024
64,111013.13072356,82817.31337094,-82.05647328,0.0,-91.23982576,8360.39810038,1059,-2.236908168138443,0,26aNgGGWuDSBeS1iNVTVhbWprfs7jRzFfcj78kHVDaa8,-91.32382416,0,0,0,-89.26310947,8.36e-06,0,0,41025.28011996,-54.77568948,0,-69,0,-54,0,8360.39810038,-52,-48,911,0,69152.60240996,0,0.0,2025-03-11 13:21:47.286000+00:00,337,marketContext_1741699307,0.0,0.0,0.0,0.0,0.0,0.0,0.0,0.0,0.0,0.0,8.55e-06,0,0,0,0,1,0,0,0,0,0,0,0,0,0,0,0,0,2,0,0,0,0,0,0,0,0,0,0,0,1024
63,111013.13072356,81013.23579405,-82.22716346,0.0,-91.43482487,8280.86870414,1060,-0.9512632686420035,0,26aNgGGWuDSBeS1iNVTVhbWprfs7jRzFfcj78kHVDaa8,-91.40635744,0,0,0,-88.00396269,8.28e-06,0,0,33431.63438448,-55.20589173,0,-69,0,-54,0,8280.86870414,-52,-14,911,0,65629.42099167,0,0.0,2025-03-11 13:21:48.287000+00:00,337,marketContext_1741699308,0.0,0.0,0.0,0.0,0.0,0.0,0.0,0.0,0.0,0.0,8.36e-06,0,0,0,0,1,0,0,0,0,0,0,0,0,0,0,0,0,2,0,0,0,0,0,0,0,0,0,0,0,1024
62,111013.13072356,79226.52293544,-81.37946079,0.0,-90.98377928,8675.83742408,1061,4.769653209719223,0,26aNgGGWuDSBeS1iNVTVhbWprfs7jRzFfcj78kHVDaa8,-90.9655604,0,0,0,-87.51763644,8.68e-06,0,0,25828.01847563,-50.21232934,0,-69,0,-53,0,8280.86870414,-59,-14,911,0,62135.22567787,0,0.0,2025-03-11 13:21:49.287000+00:00,337,marketContext_1741699309,0.0,0.0,0.0,0.0,0.0,0.0,0.0,0.0,0.0,0.0,8.28e-06,0,0,0,0,1,0,0,0,0,0,0,0,0,0,0,0,0,2,0,0,0,0,0,0,0,0,0,0,0,1024
61,111013.13072356,77453.39240408,-79.95105659,0.0,-90.29213403,9341.37145915,1062,7.6711215590943125,0,26aNgGGWuDSBeS1iNVTVhbWprfs7jRzFfcj78kHVDaa8,-90.30428477,0,0,0,-86.52288902,9.34e-06,0,0,18331.58204447,-46.3930566,0,-69,0,-53,0,8280.86870414,-59,0,911,0,58655.0662538,0,0.0,2025-03-11 13:21:50.287000+00:00,337,marketContext_1741699310,0.0,0.0,0.0,0.0,0.0,0.0,0.0,0.0,0.0,0.0,8.68e-06,0,0,0,0,1,0,0,0,0,0,0,0,0,0,0,0,0,2,0,0,0,0,0,0,0,0,0,0,0,1024
60,111013.13072356,76072.25987235,-81.97841897,0.0,-91.29883296,8396.76581767,1063,-10.112065938203076,0,26aNgGGWuDSBeS1iNVTVhbWprfs7jRzFfcj78kHVDaa8,-90.65338181,0,0,0,-87.56592872,8.4e-06,0,0,10939.8900883,-1.81163889,0,-87,0,-92,0,8280.86870414,-98,-39,872,0,55397.43786922,0,0.0,2025-03-11 13:21:51.288000+00:00,337,marketContext_1741699311,0.0,0.0,0.0,0.0,0.0,0.0,0.0,0.0,0.0,0.0,9.34e-06,0,0,0,0,1,0,0,0,0,0,0,0,0,0,0,0,0,2,0,0,0,0,0,0,0,0,0,0,0,1024
59,111013.13072356,74244.77858003,-88.99500352,0.0,-94.68657536,5127.54003625,1064,-38.93434510871258,0,26aNgGGWuDSBeS1iNVTVhbWprfs7jRzFfcj78kHVDaa8,-93.71200585,0,0,0,-72.26334679,5.13e-06,0,0,10294.07341585,-38.66870962,0,-87,0,-92,0,5127.54003625,-98,0,872,0,52340.74251786,0,0.0,2025-03-11 13:21:52.288000+00:00,337,marketContext_1741699312,0.0,0.0,0.0,0.0,0.0,0.0,0.0,0.0,0.0,0.0,8.4e-06,0,0,0,0,1,0,0,0,0,0,0,0,0,0,0,0,0,2,0,0,0,0,0,0,0,0,0,0,0,1024
58,111013.13072356,72425.14789948,-87.04033922,0.0,-93.77624659,6038.27358073,1065,17.761607672421377,0,26aNgGGWuDSBeS1iNVTVhbWprfs7jRzFfcj78kHVDaa8,-92.29073476,0,0,0,-67.33687127,6.04e-06,0,0,8910.93568859,-27.08164087,0,-57,0,-98,0,5127.54003625,-103,-4,868,0,49449.27783061,0,0.0,2025-03-11 13:21:53.286000+00:00,337,marketContext_1741699313,0.0,0.0,0.0,0.0,0.0,0.0,0.0,0.0,0.0,0.0,5.13e-06,0,0,0,0,1,0,0,0,0,0,0,0,0,0,0,0,0,2,0,0,0,0,0,0,0,0,0,0,0,1024
57,111013.13072356,72425.14789948,-87.04033922,0.0,-93.77624659,6038.27358073,1066,17.761607672421377,0,26aNgGGWuDSBeS1iNVTVhbWprfs7jRzFfcj78kHVDaa8,-92.29073476,0,0,0,-67.33687127,6.04e-06,0,0,8910.93568859,-27.08164087,0,-57,0,-98,0,5127.54003625,-103,-4,868,0,49449.27783061,0,0.0,2025-03-11 13:21:54.287000+00:00,337,marketContext_1741699314,0.0,0.0,0.0,0.0,0.0,0.0,0.0,0.0,0.0,0.0,6.04e-06,0,0,0,0,1,0,0,0,0,0,0,0,0,0,0,0,0,2,0,0,0,0,0,0,0,0,0,0,0,1024
56,111013.13072356,70530.62607406,-87.19372685,0.0,-94.0742534,5966.80593275,1067,-1.1835775081252566,0,26aNgGGWuDSBeS1iNVTVhbWprfs7jRzFfcj78kHVDaa8,-92.67638674,0,0,0,-65.75853671,5.97e-06,0,0,7637.72807146,-36.1249474,0,-51,0,-104,0,5127.54003625,-113,-12,860,0,46429.00904059,0,0.0,2025-03-11 13:21:55.286000+00:00,337,marketContext_1741699315,0.0,0.0,0.0,0.0,0.0,0.0,0.0,0.0,0.0,0.0,6.04e-06,0,0,0,0,1,0,0,0,0,0,0,0,0,0,0,0,0,2,0,0,0,0,0,0,0,0,0,0,0,1024
55,111013.13072356,70530.62607406,-87.19372685,0.0,-94.0742534,5966.80593275,1068,-1.1835775081252566,0,26aNgGGWuDSBeS1iNVTVhbWprfs7jRzFfcj78kHVDaa8,-92.67638674,0,0,0,-65.75853671,5.97e-06,0,0,7637.72807146,-36.1249474,0,-51,0,-104,0,5127.54003625,-113,-8,860,0,46429.00904059,0,0.0,2025-03-11 13:21:56.286000+00:00,337,marketContext_1741699316,0.0,0.0,0.0,0.0,0.0,0.0,0.0,0.0,0.0,0.0,5.97e-06,0,0,0,0,1,0,0,0,0,0,0,0,0,0,0,0,0,2,0,0,0,0,0,0,0,0,0,0,0,1024
54,111013.13072356,68289.59235609,-86.83351209,0.0,-93.35007801,6134.64021091,1069,2.8127993443940795,0,26aNgGGWuDSBeS1iNVTVhbWprfs7jRzFfcj78kHVDaa8,-92.58135658,0,0,0,-26.62263044,6.13e-06,0,0,7369.16680734,19.6410007,0,-19,0,-112,0,5127.54003625,-127,-15,853,0,43439.83935177,0,0.0,2025-03-11 13:21:57.286000+00:00,337,marketContext_1741699317,0.0,0.0,0.0,0.0,0.0,0.0,0.0,0.0,0.0,0.0,5.97e-06,0,0,0,0,1,0,0,0,0,0,0,0,0,0,0,0,0,2,0,0,0,0,0,0,0,0,0,0,0,1024
53,111013.13072356,66531.01050534,-86.65298161,0.0,-93.26896424,6218.75448138,1070,1.3711361641405555,0,26aNgGGWuDSBeS1iNVTVhbWprfs7jRzFfcj78kHVDaa8,-92.47963688,0,0,0,-24.90214851,6.22e-06,0,0,6987.49861786,2.98894872,0,-19,0,-112,0,5127.54003625,-127,-7,853,0,40380.90112241,0,0.0,2025-03-11 13:21:58.287000+00:00,337,marketContext_1741699318,0.0,0.0,0.0,0.0,0.0,0.0,0.0,0.0,0.0,0.0,6.13e-06,0,0,0,0,1,0,0,0,0,0,0,0,0,0,0,0,0,2,0,0,0,0,0,0,0,0,0,0,0,1024
52,111013.13072356,65322.31813818,-86.9156021,0.0,-93.61305548,6096.39214709,1071,-1.9676341082821536,0,26aNgGGWuDSBeS1iNVTVhbWprfs7jRzFfcj78kHVDaa8,-92.62611885,0,0,0,-29.73136944,6.1e-06,0,0,6665.06795824,2.1717853,0,-29,0,-124,0,5127.54003625,-137,-17,843,0,39062.26616183,0,0.0,2025-03-11 13:21:59.290000+00:00,337,marketContext_1741699319,0.0,0.0,0.0,0.0,0.0,0.0,0.0,0.0,0.0,0.0,6.22e-06,0,0,0,0,1,0,0,0,0,0,0,0,0,0,0,0,0,2,0,0,0,0,0,0,0,0,0,0,0,1024
51,111013.13072356,63542.05553604,-86.18304942,0.0,-93.25547134,6437.70921808,1072,5.598673161963433,0,26aNgGGWuDSBeS1iNVTVhbWprfs7jRzFfcj78kHVDaa8,-92.21327934,0,0,0,-31.08389655,6.44e-06,0,0,6302.11017811,7.89204963,0,-29,0,-124,0,5127.54003625,-137,-10,843,0,36130.04394211,0,0.0,2025-03-11 13:22:00.289000+00:00,337,marketContext_1741699320,0.0,0.0,0.0,0.0,0.0,0.0,0.0,0.0,0.0,0.0,6.1e-06,0,0,0,0,1,0,0,0,0,0,0,0,0,0,0,0,0,2,0,0,0,0,0,0,0,0,0,0,0,1024
50,111013.13072356,63542.05553604,-86.18304942,0.0,-93.25547134,6437.70921808,1073,5.598673161963433,0,26aNgGGWuDSBeS1iNVTVhbWprfs7jRzFfcj78kHVDaa8,-92.21327934,0,0,0,-31.08389655,6.44e-06,0,0,6302.11017811,7.89204963,0,-42,0,-137,0,5127.54003625,-159,-27,826,0,36130.04394211,0,0.0,2025-03-11 13:22:01.287000+00:00,337,marketContext_1741699321,0.0,0.0,0.0,0.0,0.0,0.0,0.0,0.0,0.0,0.0,6.44e-06,0,0,0,0,1,0,0,0,0,0,0,0,0,0,0,0,0,2,0,0,0,0,0,0,0,0,0,0,0,1024
49,111013.13072356,61756.08273861,-86.34054018,0.0,-93.6415768,6364.32980569,1074,-1.13983732269694,0,26aNgGGWuDSBeS1iNVTVhbWprfs7jRzFfcj78kHVDaa8,-91.75223004,0,0,0,24.12052877,6.36e-06,0,0,6179.55791095,3.74414125,0,-42,0,-137,0,5127.54003625,-159,-17,826,0,31686.501169,0,0.0,2025-03-11 13:22:02.289000+00:00,337,marketContext_1741699322,0.0,0.0,0.0,0.0,0.0,0.0,0.0,0.0,0.0,0.0,6.44e-06,0,0,0,0,1,0,0,0,0,0,0,0,0,0,0,0,0,2,0,0,0,0,0,0,0,0,0,0,0,1024
48,111013.13072356,59880.59135294,-86.43927833,0.0,-93.68753901,6318.32490157,1075,-0.722855438334743,0,26aNgGGWuDSBeS1iNVTVhbWprfs7jRzFfcj78kHVDaa8,-91.90112835,0,0,0,4.63793694,6.32e-06,0,0,6219.5652425,1.60113123,0,-45,0,-148,0,5127.54003625,-167,-28,815,0,28818.63901498,0,0.0,2025-03-11 13:22:03.288000+00:00,337,marketContext_1741699323,0.0,0.0,0.0,0.0,0.0,0.0,0.0,0.0,0.0,0.0,6.36e-06,0,0,0,0,1,0,0,0,0,0,0,0,0,0,0,0,0,2,0,0,0,0,0,0,0,0,0,0,0,1024
47,111013.13072356,58054.21644816,-86.44239605,0.0,-93.53015587,6316.87226549,1076,-0.02299084182195562,0,26aNgGGWuDSBeS1iNVTVhbWprfs7jRzFfcj78kHVDaa8,-91.9217044,0,0,0,5.86689657,6.32e-06,0,0,6231.72862037,3.61656719,0,-45,0,-148,0,5127.54003625,-167,-11,815,0,25943.4896317,0,0.0,2025-03-11 13:22:04.290000+00:00,337,marketContext_1741699324,0.0,0.0,0.0,0.0,0.0,0.0,0.0,0.0,0.0,0.0,6.32e-06,0,0,0,0,1,0,0,0,0,0,0,0,0,0,0,0,0,2,0,0,0,0,0,0,0,0,0,0,0,1024
46,111013.13072356,57034.10604934,-87.09118507,0.0,-94.56948375,6028.58610812,1077,-4.7854253809312635,0,26aNgGGWuDSBeS1iNVTVhbWprfs7jRzFfcj78kHVDaa8,-92.19019634,0,0,0,1.03539777,6.03e-06,0,0,6239.45114229,-6.35510391,0,-54,0,-155,0,5127.54003625,-184,-27,799,0,23096.93132494,0,0.0,2025-03-11 13:22:05.423000+00:00,337,marketContext_1741699325,0.0,0.0,0.0,0.0,0.0,0.0,0.0,0.0,0.0,0.0,6.32e-06,0,0,0,0,1,0,0,0,0,0,0,0,0,0,0,0,0,2,0,0,0,0,0,0,0,0,0,0,0,1024
45,111013.13072356,53962.08354792,-87.29658599,0.0,-94.37954187,5932.66118114,1078,-1.5911679000195396,0,26aNgGGWuDSBeS1iNVTVhbWprfs7jRzFfcj78kHVDaa8,-91.4775148,0,0,0,-3.29243481,5.93e-06,0,0,6205.36336883,-6.782625,0,-54,0,-155,0,5127.54003625,-184,-16,799,0,20549.76303704,0,0.0,2025-03-11 13:22:06.290000+00:00,337,marketContext_1741699326,0.0,0.0,0.0,0.0,0.0,0.0,0.0,0.0,0.0,0.0,6.03e-06,0,0,0,0,1,0,0,0,0,0,0,0,0,0,0,0,0,2,0,0,0,0,0,0,0,0,0,0,0,1024
44,111013.13072356,53962.08354792,-87.29658599,0.0,-94.37954187,5932.66118114,1079,-1.5911679000195396,0,26aNgGGWuDSBeS1iNVTVhbWprfs7jRzFfcj78kHVDaa8,-91.4775148,0,0,0,-3.29243481,5.93e-06,0,0,6205.36336883,-6.782625,0,-61,0,-176,0,5127.54003625,-198,-33,782,0,20549.76303704,0,0.0,2025-03-11 13:22:07.288000+00:00,337,marketContext_1741699327,0.0,0.0,0.0,0.0,0.0,0.0,0.0,0.0,0.0,0.0,5.93e-06,0,0,0,0,1,0,0,0,0,0,0,0,0,0,0,0,0,2,0,0,0,0,0,0,0,0,0,0,0,1024
43,111013.13072356,51213.7383486,-87.41947124,0.0,-93.66885451,5875.27215713,1080,-0.9673403260379717,0,26aNgGGWuDSBeS1iNVTVhbWprfs7jRzFfcj78kHVDaa8,-91.4888176,0,0,0,-5.52332988,5.88e-06,0,0,6171.26847304,-7.0121868,0,-61,0,-176,0,5127.54003625,-198,-17,782,0,15530.13382513,0,0.0,2025-03-11 13:22:08.291000+00:00,337,marketContext_1741699328,0.0,0.0,0.0,0.0,0.0,0.0,0.0,0.0,0.0,0.0,5.93e-06,0,0,0,0,1,0,0,0,0,0,0,0,0,0,0,0,0,2,0,0,0,0,0,0,0,0,0,0,0,1024
42,111013.13072356,49323.80395035,-87.34518758,0.0,-94.00105703,5909.96359999,1081,0.5904652913474449,0,26aNgGGWuDSBeS1iNVTVhbWprfs7jRzFfcj78kHVDaa8,-91.49703819,0,0,0,-3.05801436,5.91e-06,0,0,6147.96490465,-6.44161617,0,-59,0,-193,0,5127.54003625,-213,-32,767,0,12880.35044618,0,0.0,2025-03-11 13:22:09.291000+00:00,337,marketContext_1741699329,0.0,0.0,0.0,0.0,0.0,0.0,0.0,0.0,0.0,0.0,5.88e-06,0,0,0,0,1,0,0,0,0,0,0,0,0,0,0,0,0,2,0,0,0,0,0,0,0,0,0,0,0,1024
41,111013.13072356,48456.5465236,-87.2360493,0.0,-93.84865278,5960.932613,1082,0.8624251595591695,0,26aNgGGWuDSBeS1iNVTVhbWprfs7jRzFfcj78kHVDaa8,-91.39996191,0,0,0,-7.40599783,5.96e-06,0,0,6088.36782902,-1.12221164,0,-59,0,-193,0,5127.54003625,-213,-15,767,0,10240.68668386,0,0.0,2025-03-11 13:22:10.291000+00:00,337,marketContext_1741699330,0.0,0.0,0.0,0.0,0.0,0.0,0.0,0.0,0.0,0.0,5.91e-06,0,0,0,0,1,0,0,0,0,0,0,0,0,0,0,0,0,2,0,0,0,0,0,0,0,0,0,0,0,1024
40,111013.13072356,46631.96804738,-87.84706151,0.0,-94.14311869,5675.58188574,1083,-4.787014814360969,0,26aNgGGWuDSBeS1iNVTVhbWprfs7jRzFfcj78kHVDaa8,-91.59550341,0,0,0,-10.82200233,5.68e-06,0,0,6042.50272421,-4.33328801,0,-72,0,-220,0,5127.54003625,-216,-39,743,0,7663.40670131,0,0.0,2025-03-11 13:22:11.290000+00:00,337,marketContext_1741699331,0.0,0.0,0.0,0.0,0.0,0.0,0.0,0.0,0.0,0.0,5.96e-06,0,0,0,0,1,0,0,0,0,0,0,0,0,0,0,0,0,2,0,0,0,0,0,0,0,0,0,0,0,1024
39,111013.13072356,44838.91886534,-87.93705217,0.0,-94.08774193,5633.55506656,1084,-0.7404847649469881,0,26aNgGGWuDSBeS1iNVTVhbWprfs7jRzFfcj78kHVDaa8,-69.52613493,0,0,0,-11.48235182,5.63e-06,0,0,5961.30553097,-4.11414287,0,-72,0,-220,0,5127.54003625,-216,-24,743,0,7582.21263592,0,0.0,2025-03-11 13:22:12.290000+00:00,337,marketContext_1741699332,0.0,0.0,0.0,0.0,0.0,0.0,0.0,0.0,0.0,0.0,5.68e-06,0,0,0,0,1,0,0,0,0,0,0,0,0,0,0,0,0,2,0,0,0,0,0,0,0,0,0,0,0,1024
38,111013.13072356,42982.9173142,-88.7766079,0.0,-94.6538263,5241.47151168,1085,-6.959789160597045,0,26aNgGGWuDSBeS1iNVTVhbWprfs7jRzFfcj78kHVDaa8,-71.64705169,0,0,0,-17.04333675,5.24e-06,0,0,5841.65515432,-10.78759636,0,-79,0,-243,0,5127.54003625,-205,-47,720,0,7052.41097134,0,0.0,2025-03-11 13:22:13.291000+00:00,337,marketContext_1741699333,0.0,0.0,0.0,0.0,0.0,0.0,0.0,0.0,0.0,0.0,5.63e-06,0,0,0,0,1,0,0,0,0,0,0,0,0,0,0,0,0,2,0,0,0,0,0,0,0,0,0,0,0,1024
37,111013.13072356,41222.96653865,-88.77976252,0.0,-94.37994779,5239.99826161,1086,-0.028107566068856324,0,26aNgGGWuDSBeS1iNVTVhbWprfs7jRzFfcj78kHVDaa8,-69.92943794,0,0,0,-17.04758239,5.24e-06,0,0,5722.00248722,-11.33620076,0,-79,0,-243,0,5127.54003625,-205,-23,720,0,6564.98392233,0,0.0,2025-03-11 13:22:14.290000+00:00,337,marketContext_1741699334,0.0,0.0,0.0,0.0,0.0,0.0,0.0,0.0,0.0,0.0,5.24e-06,0,0,0,0,1,0,0,0,0,0,0,0,0,0,0,0,0,2,0,0,0,0,0,0,0,0,0,0,0,1024
36,111013.13072356,39454.64662421,-88.70423391,0.0,-94.36951672,5275.27111612,1087,0.6731463017107692,0,26aNgGGWuDSBeS1iNVTVhbWprfs7jRzFfcj78kHVDaa8,-38.31312715,0,0,0,-12.49571589,5.28e-06,0,0,5677.32935011,-11.50258762,0,-72,0,-252,0,5127.54003625,-201,-33,710,0,6515.37958363,0,0.0,2025-03-11 13:22:15.294000+00:00,337,marketContext_1741699335,0.0,0.0,0.0,0.0,0.0,0.0,0.0,0.0,0.0,0.0,5.24e-06,0,0,0,0,1,0,0,0,0,0,0,0,0,0,0,0,0,2,0,0,0,0,0,0,0,0,0,0,0,1024
35,111013.13072356,39454.64662421,-88.70423391,0.0,-94.36951672,5275.27111612,1088,0.6731463017107692,0,26aNgGGWuDSBeS1iNVTVhbWprfs7jRzFfcj78kHVDaa8,-38.31312715,0,0,0,-12.49571589,5.28e-06,0,0,5677.32935011,-11.50258762,0,-72,0,-252,0,5127.54003625,-201,-10,710,0,6515.37958363,0,0.0,2025-03-11 13:22:16.293000+00:00,337,marketContext_1741699336,0.0,0.0,0.0,0.0,0.0,0.0,0.0,0.0,0.0,0.0,5.28e-06,0,0,0,0,1,0,0,0,0,0,0,0,0,0,0,0,0,2,0,0,0,0,0,0,0,0,0,0,0,1024
34,111013.13072356,37727.69246879,-89.1185422,0.0,-94.72627398,5081.78370456,1089,-3.6678192891950885,0,26aNgGGWuDSBeS1iNVTVhbWprfs7jRzFfcj78kHVDaa8,-39.21600809,0,0,0,-13.50556079,5.08e-06,0,0,5543.7588796,-9.79437239,0,-57,0,-253,0,5081.78370456,-162,-10,710,0,6302.78252763,0,0.0,2025-03-11 13:22:17.294000+00:00,337,marketContext_1741699337,0.0,0.0,0.0,0.0,0.0,0.0,0.0,0.0,0.0,0.0,5.28e-06,0,0,0,0,1,0,0,0,0,0,0,0,0,0,0,0,0,2,0,0,0,0,0,0,0,0,0,0,0,1024
33,111013.13072356,35900.13312583,-89.33127003,0.0,-94.82937306,4982.43701314,1090,-1.954957101603424,0,26aNgGGWuDSBeS1iNVTVhbWprfs7jRzFfcj78kHVDaa8,-39.83195253,0,0,0,-15.19648997,4.98e-06,0,0,5444.55497471,-4.94201863,0,-57,0,-253,0,4982.43701314,-162,0,710,0,6170.84525999,0,0.0,2025-03-11 13:22:18.294000+00:00,337,marketContext_1741699338,0.0,0.0,0.0,0.0,0.0,0.0,0.0,0.0,0.0,0.0,5.08e-06,0,0,0,0,1,0,0,0,0,0,0,0,0,0,0,0,0,2,0,0,0,0,0,0,0,0,0,0,0,1024
32,111013.13072356,34079.11681576,-89.33669225,0.0,-94.81425865,4979.90476542,1091,-0.05082347676978797,0,26aNgGGWuDSBeS1iNVTVhbWprfs7jRzFfcj78kHVDaa8,-42.60029871,0,0,0,-15.73713304,4.98e-06,0,0,5341.2151042,-4.96361799,0,-57,0,-284,0,4979.90476542,-186,-24,686,0,6023.00795364,0,0.0,2025-03-11 13:22:19.294000+00:00,337,marketContext_1741699339,0.0,0.0,0.0,0.0,0.0,0.0,0.0,0.0,0.0,0.0,4.98e-06,0,0,0,0,1,0,0,0,0,0,0,0,0,0,0,0,0,2,0,0,0,0,0,0,0,0,0,0,0,1024
31,111013.13072356,32252.33999772,-89.27971014,0.0,-94.80357299,5006.5161592,1092,0.5343755560251883,0,26aNgGGWuDSBeS1iNVTVhbWprfs7jRzFfcj78kHVDaa8,-46.40491301,0,0,0,-16.01119348,5.01e-06,0,0,5235.16883156,-5.09461885,0,-57,0,-284,0,4979.90476542,-186,0,686,0,5849.61374164,0,0.0,2025-03-11 13:22:20.293000+00:00,337,marketContext_1741699340,0.0,0.0,0.0,0.0,0.0,0.0,0.0,0.0,0.0,0.0,4.98e-06,0,0,0,0,1,0,0,0,0,0,0,0,0,0,0,0,0,2,0,0,0,0,0,0,0,0,0,0,0,1024
30,111013.13072356,32252.33999772,-89.27971014,0.0,-94.80357299,5006.5161592,1093,0.5343755560251883,0,26aNgGGWuDSBeS1iNVTVhbWprfs7jRzFfcj78kHVDaa8,-46.40491301,0,0,0,-16.01119348,5.01e-06,0,0,5235.16883156,-5.09461885,0,-45,0,-295,0,4979.90476542,-193,-11,675,0,5849.61374164,0,0.0,2025-03-11 13:22:21.293000+00:00,337,marketContext_1741699341,0.0,0.0,0.0,0.0,0.0,0.0,0.0,0.0,0.0,0.0,5.01e-06,0,0,0,0,1,0,0,0,0,0,0,0,0,0,0,0,0,2,0,0,0,0,0,0,0,0,0,0,0,1024
29,111013.13072356,29514.85643461,-89.30787101,0.0,-93.87654752,4993.36466242,1094,-0.26268759278111126,0,26aNgGGWuDSBeS1iNVTVhbWprfs7jRzFfcj78kHVDaa8,-2.61675916,0,0,0,-11.36387941,4.99e-06,0,0,5100.09339927,-1.7399214,0,-45,0,-295,0,4979.90476542,-193,-11,675,0,5737.89176456,0,0.0,2025-03-11 13:22:22.293000+00:00,337,marketContext_1741699342,0.0,0.0,0.0,0.0,0.0,0.0,0.0,0.0,0.0,0.0,5.01e-06,0,0,0,0,1,0,0,0,0,0,0,0,0,0,0,0,0,2,0,0,0,0,0,0,0,0,0,0,0,1024
28,111013.13072356,28018.08941817,-89.32940725,0.0,-93.63764583,4983.30695637,1095,-0.20142142089422943,0,26aNgGGWuDSBeS1iNVTVhbWprfs7jRzFfcj78kHVDaa8,-17.47132869,0,0,0,-4.92542132,4.98e-06,0,0,5067.82282986,0.0174602,0,-50,0,-311,0,4979.90476542,-200,-26,660,0,5693.93482188,0,0.0,2025-03-11 13:22:23.294000+00:00,337,marketContext_1741699343,0.0,0.0,0.0,0.0,0.0,0.0,0.0,0.0,0.0,0.0,4.99e-06,0,0,0,0,1,0,0,0,0,0,0,0,0,0,0,0,0,2,0,0,0,0,0,0,0,0,0,0,0,1024
27,111013.13072356,27557.32124757,-89.33717163,0.0,-93.88797668,4979.68088799,1096,-0.07276429916120564,0,26aNgGGWuDSBeS1iNVTVhbWprfs7jRzFfcj78kHVDaa8,-16.54360902,0,0,0,-4.96789046,4.98e-06,0,0,5035.28315815,-0.00449562,0,-50,0,-311,0,4979.68088799,-200,-15,660,0,5665.36466453,0,0.0,2025-03-11 13:22:24.294000+00:00,337,marketContext_1741699344,0.0,0.0,0.0,0.0,0.0,0.0,0.0,0.0,0.0,0.0,4.98e-06,0,0,0,0,1,0,0,0,0,0,0,0,0,0,0,0,0,2,0,0,0,0,0,0,0,0,0,0,0,1024
26,111013.13072356,26026.78922294,-89.40731192,0.0,-93.92818169,4946.92445213,1097,-0.6578019071894942,0,26aNgGGWuDSBeS1iNVTVhbWprfs7jRzFfcj78kHVDaa8,-17.09258676,0,0,0,-6.2242614,4.95e-06,0,0,5025.46552415,-1.19028293,0,-26,0,-313,0,4946.92445213,-193,-15,660,0,5624.5694053,0,0.0,2025-03-11 13:22:25.294000+00:00,337,marketContext_1741699345,0.0,0.0,0.0,0.0,0.0,0.0,0.0,0.0,0.0,0.0,4.98e-06,0,0,0,0,1,0,0,0,0,0,0,0,0,0,0,0,0,2,0,0,0,0,0,0,0,0,0,0,0,1024
25,111013.13072356,24508.10190441,-89.44458699,0.0,-93.90393293,4929.51650458,1098,-0.35189434823278715,0,26aNgGGWuDSBeS1iNVTVhbWprfs7jRzFfcj78kHVDaa8,-19.64457026,0,0,0,-2.99633374,4.93e-06,0,0,4987.04834509,-1.27866003,0,-26,0,-313,0,4929.51650458,-193,0,660,0,5597.83660143,0,0.0,2025-03-11 13:22:26.294000+00:00,337,marketContext_1741699346,0.0,0.0,0.0,0.0,0.0,0.0,0.0,0.0,0.0,0.0,4.95e-06,0,0,0,0,1,0,0,0,0,0,0,0,0,0,0,0,0,2,0,0,0,0,0,0,0,0,0,0,0,1024
24,111013.13072356,24508.10190441,-89.44458699,0.0,-93.90393293,4929.51650458,1099,-0.35189434823278715,0,26aNgGGWuDSBeS1iNVTVhbWprfs7jRzFfcj78kHVDaa8,-19.64457026,0,0,0,-2.99633374,4.93e-06,0,0,4987.04834509,-1.27866003,0,-53,0,-347,0,4929.51650458,-210,-27,633,0,5597.83660143,0,0.0,2025-03-11 13:22:27.293000+00:00,337,marketContext_1741699347,0.0,0.0,0.0,0.0,0.0,0.0,0.0,0.0,0.0,0.0,4.93e-06,0,0,0,0,1,0,0,0,0,0,0,0,0,0,0,0,0,2,0,0,0,0,0,0,0,0,0,0,0,1024
23,111013.13072356,22952.2211612,-89.5117017,0.0,-94.07662095,4898.173055,1100,-0.6358321256560636,0,26aNgGGWuDSBeS1iNVTVhbWprfs7jRzFfcj78kHVDaa8,-21.23546492,0,0,0,-1.69121974,4.9e-06,0,0,4966.64716181,-1.70838165,0,-53,0,-347,0,4898.173055,-210,0,633,0,5523.54119999,0,0.0,2025-03-11 13:22:28.293000+00:00,337,marketContext_1741699348,0.0,0.0,0.0,0.0,0.0,0.0,0.0,0.0,0.0,0.0,4.93e-06,0,0,0,0,1,0,0,0,0,0,0,0,0,0,0,0,0,2,0,0,0,0,0,0,0,0,0,0,0,1024
22,111013.13072356,22598.1308517,-89.52146091,0.0,-94.08093553,4893.61537635,1101,-0.09304854277022574,0,26aNgGGWuDSBeS1iNVTVhbWprfs7jRzFfcj78kHVDaa8,-19.72932091,0,0,0,-1.73275179,4.89e-06,0,0,4956.77809105,-1.72833387,0,-42,0,-347,0,4893.61537635,-193,0,633,0,5475.43012916,0,0.0,2025-03-11 13:22:29.293000+00:00,337,marketContext_1741699349,0.0,0.0,0.0,0.0,0.0,0.0,0.0,0.0,0.0,0.0,4.9e-06,0,0,0,0,1,0,0,0,0,0,0,0,0,0,0,0,0,2,0,0,0,0,0,0,0,0,0,0,0,1024
21,111013.13072356,22598.1308517,-89.52146091,0.0,-94.08093553,4893.61537635,1102,-0.09304854277022574,0,26aNgGGWuDSBeS1iNVTVhbWprfs7jRzFfcj78kHVDaa8,-19.72932091,0,0,0,-1.73275179,4.89e-06,0,0,4956.77809105,-1.72833387,0,-42,0,-347,0,4893.61537635,-193,0,633,0,5475.43012916,0,0.0,2025-03-11 13:22:30.292000+00:00,337,marketContext_1741699350,0.0,0.0,0.0,0.0,0.0,0.0,0.0,0.0,0.0,0.0,4.89e-06,0,0,0,0,1,0,0,0,0,0,0,0,0,0,0,0,0,2,0,0,0,0,0,0,0,0,0,0,0,1024
20,111013.13072356,19965.47845795,-89.58609638,0.0,-93.63581142,4863.42975946,1103,-0.6168367263116348,0,26aNgGGWuDSBeS1iNVTVhbWprfs7jRzFfcj78kHVDaa8,-23.58300233,0,0,0,-2.60215129,4.86e-06,0,0,4936.00145679,-1.34063341,0,-27,0,-352,0,4863.42975946,-182,0,633,0,5412.45895082,0,0.0,2025-03-11 13:22:31.369000+00:00,337,marketContext_1741699351,0.0,0.0,0.0,0.0,0.0,0.0,0.0,0.0,0.0,0.0,4.89e-06,0,0,0,0,1,0,0,0,0,0,0,0,0,0,0,0,0,2,0,0,0,0,0,0,0,0,0,0,0,1024
19,111013.13072356,18519.25350665,-89.6084247,0.0,-93.71081536,4853.00214298,1104,-0.21440869921891623,0,26aNgGGWuDSBeS1iNVTVhbWprfs7jRzFfcj78kHVDaa8,-23.74684702,0,0,0,-2.81098075,4.85e-06,0,0,4918.45614186,-0.92219919,0,-56,0,-381,0,4853.00214298,-211,0,604,0,5352.00584431,0,0.0,2025-03-11 13:22:32.369000+00:00,337,marketContext_1741699352,0.0,0.0,0.0,0.0,0.0,0.0,0.0,0.0,0.0,0.0,4.86e-06,0,0,0,0,1,0,0,0,0,0,0,0,0,0,0,0,0,2,0,0,0,0,0,0,0,0,0,0,0,1024
18,111013.13072356,17055.92939546,-89.61769414,0.0,-93.78493786,4848.6731922,1105,-0.0892015015201852,0,26aNgGGWuDSBeS1iNVTVhbWprfs7jRzFfcj78kHVDaa8,-23.26014778,0,0,0,-2.70169519,4.85e-06,0,0,4901.62692134,-1.01057807,0,-42,0,-391,0,4848.6731922,-208,-13,591,0,5293.21977594,0,0.0,2025-03-11 13:22:33.369000+00:00,337,marketContext_1741699353,0.0,0.0,0.0,0.0,0.0,0.0,0.0,0.0,0.0,0.0,4.85e-06,0,0,0,0,1,0,0,0,0,0,0,0,0,0,0,0,0,2,0,0,0,0,0,0,0,0,0,0,0,1024
17,111013.13072356,15592.35943914,-89.25702797,0.0,-93.5838991,5017.1090316,1106,3.473854242678275,0,26aNgGGWuDSBeS1iNVTVhbWprfs7jRzFfcj78kHVDaa8,-20.57605694,0,0,0,0.75161731,5.02e-06,0,0,4906.30543929,2.52356685,0,-42,0,-391,0,4848.6731922,-208,-13,591,0,5241.22924658,0,0.0,2025-03-11 13:22:34.371000+00:00,337,marketContext_1741699354,0.0,0.0,0.0,0.0,0.0,0.0,0.0,0.0,0.0,0.0,4.85e-06,0,0,0,0,1,0,0,0,0,0,0,0,0,0,0,0,0,2,0,0,0,0,0,0,0,0,0,0,0,1024
16,111013.13072356,14148.7512177,-89.26768361,0.0,-93.50697301,5012.13270537,1107,-0.09918712549048263,0,26aNgGGWuDSBeS1iNVTVhbWprfs7jRzFfcj78kHVDaa8,-16.86056041,0,0,0,1.31815745,5.01e-06,0,0,4914.45647094,3.05757363,0,-49,0,-399,0,4848.6731922,-198,-20,584,0,5232.41784115,0,0.0,2025-03-11 13:22:35.371000+00:00,337,marketContext_1741699355,0.0,0.0,0.0,0.0,0.0,0.0,0.0,0.0,0.0,0.0,5.02e-06,0,0,0,0,1,0,0,0,0,0,0,0,0,0,0,0,0,2,0,0,0,0,0,0,0,0,0,0,0,1024
15,111013.13072356,12855.84247846,-89.36554229,0.0,-92.86553926,4966.43141649,1108,-0.9118132252522324,0,26aNgGGWuDSBeS1iNVTVhbWprfs7jRzFfcj78kHVDaa8,-16.28661633,0,0,0,0.74885462,4.97e-06,0,0,4919.07083493,2.11788105,0,-49,0,-399,0,4848.6731922,-198,-7,584,0,5161.92191988,0,0.0,2025-03-11 13:22:36.370000+00:00,337,marketContext_1741699356,0.0,0.0,0.0,0.0,0.0,0.0,0.0,0.0,0.0,0.0,5.01e-06,0,0,0,0,1,0,0,0,0,0,0,0,0,0,0,0,0,2,0,0,0,0,0,0,0,0,0,0,0,1024
14,111013.13072356,11397.39168289,-89.41451201,0.0,-93.65120148,4943.56191326,1109,-0.46048160773957036,0,26aNgGGWuDSBeS1iNVTVhbWprfs7jRzFfcj78kHVDaa8,-15.85816314,0,0,0,0.92664873,4.94e-06,0,0,4921.79206586,1.86605667,0,-31,0,-407,0,4848.6731922,-194,-18,573,0,5153.52345809,0,0.0,2025-03-11 13:22:37.371000+00:00,337,marketContext_1741699357,0.0,0.0,0.0,0.0,0.0,0.0,0.0,0.0,0.0,0.0,4.97e-06,0,0,0,0,1,0,0,0,0,0,0,0,0,0,0,0,0,2,0,0,0,0,0,0,0,0,0,0,0,1024
13,111013.13072356,10110.6698174,-89.94901647,0.0,-93.20014637,4693.94131351,1110,-5.049407777760739,0,26aNgGGWuDSBeS1iNVTVhbWprfs7jRzFfcj78kHVDaa8,-20.1068276,0,0,0,-4.16954932,4.69e-06,0,0,4899.09965014,-3.19122103,0,-31,0,-407,0,4693.94131351,-194,-11,573,0,5108.08765641,0,0.0,2025-03-11 13:22:38.371000+00:00,337,marketContext_1741699358,0.0,0.0,0.0,0.0,0.0,0.0,0.0,0.0,0.0,0.0,4.94e-06,0,0,0,0,1,0,0,0,0,0,0,0,0,0,0,0,0,2,0,0,0,0,0,0,0,0,0,0,0,1024
12,111013.13072356,8814.36208401,-89.95878769,0.0,-93.25315603,4689.37802558,1111,-0.09721655277697756,0,26aNgGGWuDSBeS1iNVTVhbWprfs7jRzFfcj78kHVDaa8,-20.6530134,0,0,0,-4.17354727,4.69e-06,0,0,4876.40661116,-6.53226796,0,-31,0,-407,0,4689.37802558,-170,-11,573,0,5061.1420574,0,0.0,2025-03-11 13:22:39.371000+00:00,337,marketContext_1741699359,0.0,0.0,0.0,0.0,0.0,0.0,0.0,0.0,0.0,0.0,4.69e-06,0,0,0,0,1,0,0,0,0,0,0,0,0,0,0,0,0,2,0,0,0,0,0,0,0,0,0,0,0,1024
11,111013.13072356,8814.36208401,-89.95878769,0.0,-93.25315603,4689.37802558,1112,-0.09721655277697756,0,26aNgGGWuDSBeS1iNVTVhbWprfs7jRzFfcj78kHVDaa8,-20.6530134,0,0,0,-4.17354727,4.69e-06,0,0,4876.40661116,-6.53226796,0,-31,0,-407,0,4689.37802558,-170,0,573,0,5061.1420574,0,0.0,2025-03-11 13:22:40.371000+00:00,337,marketContext_1741699360,0.0,0.0,0.0,0.0,0.0,0.0,0.0,0.0,0.0,0.0,4.69e-06,0,0,0,0,1,0,0,0,0,0,0,0,0,0,0,0,0,2,0,0,0,0,0,0,0,0,0,0,0,1024
10,111013.13072356,6299.32796737,-89.738767,0.0,-92.90373288,4792.13057622,1113,2.1911765288353475,0,26aNgGGWuDSBeS1iNVTVhbWprfs7jRzFfcj78kHVDaa8,-15.56582792,0,0,0,-1.46602679,4.79e-06,0,0,4868.48447969,-3.50957913,0,-48,0,-416,0,4689.37802558,-177,-30,543,0,4989.81238279,0,0.0,2025-03-11 13:22:41.371000+00:00,337,marketContext_1741699361,0.0,0.0,0.0,0.0,0.0,0.0,0.0,0.0,0.0,0.0,4.69e-06,0,0,0,0,1,0,0,0,0,0,0,0,0,0,0,0,0,2,0,0,0,0,0,0,0,0,0,0,0,1024
9,111013.13072356,6268.31839135,-89.83144407,0.0,-74.31181784,4748.84916609,1114,-0.9031767696718289,0,26aNgGGWuDSBeS1iNVTVhbWprfs7jRzFfcj78kHVDaa8,-15.70422034,0,0,0,-2.14615559,4.75e-06,0,0,4856.9119267,-3.93871364,0,-48,0,-416,0,4689.37802558,-177,0,543,0,4954.42414677,0,0.0,2025-03-11 13:22:42.371000+00:00,337,marketContext_1741699362,0.0,0.0,0.0,0.0,0.0,0.0,0.0,0.0,0.0,0.0,4.79e-06,0,0,0,0,1,0,0,0,0,0,0,0,0,0,0,0,0,2,0,0,0,0,0,0,0,0,0,0,0,1024
8,111013.13072356,6007.65937782,-88.32246449,0.0,-70.4997778,5453.56244963,1115,14.839664493422921,0,26aNgGGWuDSBeS1iNVTVhbWprfs7jRzFfcj78kHVDaa8,4.04640066,0,0,0,12.47535632,5.45e-06,0,0,4924.1218442,16.18301307,0,-53,0,-394,0,4689.37802558,-179,-12,531,0,4962.90778429,0,0.0,2025-03-11 13:22:43.371000+00:00,337,marketContext_1741699363,0.0,0.0,0.0,0.0,0.0,0.0,0.0,0.0,0.0,0.0,4.75e-06,0,0,0,0,1,0,0,0,0,0,0,0,0,0,0,0,0,2,0,0,0,0,0,0,0,0,0,0,0,1024
7,111013.13072356,5768.21713707,-88.32246449,0.0,-68.70386593,5453.56244963,1116,0.0,0,26aNgGGWuDSBeS1iNVTVhbWprfs7jRzFfcj78kHVDaa8,4.0756538,0,0,0,8.69930104,5.45e-06,0,0,4972.61666842,16.2960721,0,-53,0,-394,0,4689.37802558,-179,-12,531,0,4971.45035181,0,0.0,2025-03-11 13:22:44.372000+00:00,337,marketContext_1741699364,0.0,0.0,0.0,0.0,0.0,0.0,0.0,0.0,0.0,0.0,5.45e-06,0,0,0,0,1,0,0,0,0,0,0,0,0,0,0,0,0,2,0,0,0,0,0,0,0,0,0,0,0,1024
6,111013.13072356,5762.04066907,-88.32320361,0.0,-36.23229729,5453.21726866,1117,-0.006329458599661271,0,26aNgGGWuDSBeS1iNVTVhbWprfs7jRzFfcj78kHVDaa8,3.37321341,0,0,0,8.80033689,5.45e-06,0,0,5021.62606434,13.79525624,0,-53,0,-391,0,4689.37802558,-166,-23,520,0,4978.56819791,0,0.0,2025-03-11 13:22:45.438000+00:00,337,marketContext_1741699365,0.0,0.0,0.0,0.0,0.0,0.0,0.0,0.0,0.0,0.0,5.45e-06,0,0,0,0,1,0,0,0,0,0,0,0,0,0,0,0,0,2,0,0,0,0,0,0,0,0,0,0,0,1024
5,111013.13072356,5700.28298161,-88.43276743,0.0,-36.83063202,5402.04952783,1118,-0.9383037260521173,0,26aNgGGWuDSBeS1iNVTVhbWprfs7jRzFfcj78kHVDaa8,6.30223248,0,0,0,8.77124991,5.4e-06,0,0,5070.02807671,12.72751111,0,-53,0,-391,0,4689.37802558,-166,-11,520,0,4994.85594137,0,0.0,2025-03-11 13:22:46.434000+00:00,337,marketContext_1741699366,0.0,0.0,0.0,0.0,0.0,0.0,0.0,0.0,0.0,0.0,5.45e-06,0,0,0,0,1,0,0,0,0,0,0,0,0,0,0,0,0,2,0,0,0,0,0,0,0,0,0,0,0,1024
4,111013.13072356,5639.15162173,-88.77398006,0.0,-37.29127868,5242.69874633,1119,-2.9498208167139537,0,26aNgGGWuDSBeS1iNVTVhbWprfs7jRzFfcj78kHVDaa8,3.1665071,0,0,0,6.05103847,5.24e-06,0,0,5103.26550261,10.39935283,0,-32,0,-361,0,4689.37802558,-175,-20,511,0,5001.04498144,0,0.0,2025-03-11 13:22:47.435000+00:00,337,marketContext_1741699367,0.0,0.0,0.0,0.0,0.0,0.0,0.0,0.0,0.0,0.0,5.4e-06,0,0,0,0,1,0,0,0,0,0,0,0,0,0,0,0,0,2,0,0,0,0,0,0,0,0,0,0,0,1024
3,111013.13072356,5579.51313408,-88.7812452,0.0,-36.72999752,5239.30583432,1120,-0.06471689818602386,0,26aNgGGWuDSBeS1iNVTVhbWprfs7jRzFfcj78kHVDaa8,5.15548557,0,0,0,11.61847762,5.24e-06,0,0,5163.86156048,-3.92874598,0,-32,0,-361,0,4689.37802558,-175,-9,511,0,5010.92455149,0,0.0,2025-03-11 13:22:48.435000+00:00,337,marketContext_1741699368,0.0,0.0,0.0,0.0,0.0,0.0,0.0,0.0,0.0,0.0,5.24e-06,0,0,0,0,1,0,0,0,0,0,0,0,0,0,0,0,0,2,0,0,0,0,0,0,0,0,0,0,0,1024
2,111013.13072356,5530.12781601,-86.81581788,0.0,-29.03064106,6157.18620251,1121,17.51912175418999,0,26aNgGGWuDSBeS1iNVTVhbWprfs7jRzFfcj78kHVDaa8,23.64064159,0,0,0,31.30070062,6.16e-06,0,0,5326.95135792,12.90209399,0,-32,0,-361,0,4689.37802558,-164,-9,511,0,5056.20460676,0,0.0,2025-03-11 13:22:49.435000+00:00,337,marketContext_1741699369,0.0,0.0,0.0,0.0,0.0,0.0,0.0,0.0,0.0,0.0,5.24e-06,0,0,0,0,1,0,0,0,0,0,0,0,0,0,0,0,0,2,0,0,0,0,0,0,0,0,0,0,0,1024
1,111013.13072356,5470.55959272,-86.50275202,0.0,-32.52177051,6303.39207112,1122,2.374556555445458,0,26aNgGGWuDSBeS1iNVTVhbWprfs7jRzFfcj78kHVDaa8,25.90375963,0,0,0,31.53631711,6.3e-06,0,0,5424.59542924,15.5903343,0,-32,0,-361,0,4689.37802558,-164,0,511,0,5106.08444953,0,0.0,2025-03-11 13:22:50.435000+00:00,337,marketContext_1741699370,0.0,0.0,0.0,0.0,0.0,0.0,0.0,0.0,0.0,0.0,6.16e-06,0,0,0,0,1,0,0,0,0,0,0,0,0,0,0,0,0,2,0,0,0,0,0,0,0,0,0,0,0,1024
0,111013.13072356,5429.99552953,-86.45006288,0.0,-24.63766726,6327.99859498,1123,0.39036955959900566,0,26aNgGGWuDSBeS1iNVTVhbWprfs7jRzFfcj78kHVDaa8,26.72814871,0,0,0,32.04979485,6.33e-06,0,0,5578.18223111,17.14069933,0,-18,0,-355,0,4689.37802558,-147,2,513,0,5151.34052899,0,0.0,2025-03-11 13:22:51.436000+00:00,337,marketContext_1741699371,0.0,0.0,0.0,0.0,0.0,0.0,0.0,0.0,0.0,0.0,6.3e-06,0,0,0,0,1,0,0,0,0,0,0,0,0,0,0,0,0,2,0,0,0,0,0,0,0,0,0,0,0,1024
