pool_id,category,max_potential_return,buy_volume_10s_at_first,holder_delta_10s_at_first,marketcap_change_10s_at_first,marketcap_change_30s_at_first,marketcap_at_10s,percent_of_max_return_at_10s,potential_return_at_10s,marketcap_at_20s,percent_of_max_return_at_20s,potential_return_at_20s,marketcap_at_30s,percent_of_max_return_at_30s,potential_return_at_30s,marketcap_at_60s,percent_of_max_return_at_60s,potential_return_at_60s,marketcap_at_120s,percent_of_max_return_at_120s,potential_return_at_120s,marketcap_at_180s,percent_of_max_return_at_180s,potential_return_at_180s,big_buy_5s_at_first,marketcap_change_5s_at_first,large_buy_5s_at_first,net_volume_5s_at_first,holders_count_at_first,super_buy_5s_at_first,holder_delta_5s_at_first,buy_volume_5s_at_first
12H7zN3gXRfUeu2fCQjooPAofbBL2wz7X7wKoS44oJkX,do_not_buy,1.772778765095648,94.140838934,77,7.84414119,7.84414119,51943.5000465,100.0,1.772778765095648,70098.24819082,74.10099594086928,1.3136467207641187,74917.243927,69.33450474648292,1.2291473770298833,84853.31034024,61.21564360685504,1.0852179307789578,75365.21461825,68.92238058315256,1.2218413273765347,72055.1534165,72.08852883325537,1.2779701312258047,0,24.069292,2,-1.894687972,393,0,5,15.502877052
13gx6DyGyAJ84R7MC62Y7HaZJys7W2XRdcAECQGLbM8c,do_not_buy,1.4054237069170814,12.7200491,36,-3.20763788,-3.20763788,45437.88853558,100.0,1.4054237069170814,43873.06708778,103.56670174134202,1.4555509787449266,40284.35739646,112.79288406763284,1.5852179324020115,40023.96773062,113.52669690670902,1.5955311120067897,37978.91445577,119.63977693068787,1.681445787886601,43051.91779811,105.54207770408487,1.4833133808260561,0,-8.90211418,1,2.941445239,226,0,3,3.998
13i8NqL286BQt4rwyWA8bojd9EfiTnNmhcF18eivaDUm,definitely_buy,7.7814509246189845,53.742839422,22,-24.49358251,-24.49358251,42781.01938473,100.0,7.7814509246189845,59430.09594264,71.98544559985375,5.601512122220916,64421.01786419,66.40848096333927,5.167543355947186,40719.23830898,105.06340776835039,8.175457515226515,49616.73263394,86.22296776443906,6.709397922339872,20187.62063825,211.91709588435458,16.49022481711881,0,2.53318934,0,-2.844639258,207,0,14,3.04075
13osF1EiaWM9dK9gdKcJ9gGurcr546LY3h2M9ZBKP5HY,do_not_buy,1.7178884880769063,0.0,52,-14.80878123,-14.80878123,40424.93425571,100.0,1.7178884880769063,41176.7145586,98.17425865334616,1.6865242876606796,39773.07402347,101.63894858077941,1.7460437970716156,31310.10942148,129.11144356454042,2.2179906257851516,20489.2025306,197.29871963214086,3.389371991683679,10030.79066991,403.0084525338092,6.923235812055191,0,-25.81564374,0,0.0,117,0,5,0.0
13z1XPb2RLFG5qwGLSq67uKJhwcvhahAB2FDvJm6xwoG,do_not_buy,1.8969314049500057,0.0,0,-20.5713196,12.69298665,63163.22065186,100.0,1.8969314049500057,46625.99353372,135.46782784624256,2.569731770018984,57618.80460884,109.62258082349969,2.079465162557668,94040.1799456,67.16620564571272,1.2740968484068285,74210.00110441,85.1141621235018,1.6145572713807683,25828.02983186,244.55299557516162,4.639002574811238,0,-21.06102361,0,0.0,703,0,0,0.0
23kMSboY7eRBVkNr1fmHEBu1kJ7mwsEw1sikJ3biLdKn,do_not_buy,2.7255349268742055,0.0,83,32.70959909,32.70959909,63128.92467902,100.0,2.7255349268742055,69395.06263213,90.97034037374185,2.4794283999826807,76062.34420036,82.99629119072193,2.262092904413346,84678.14635862,74.55161383866744,2.0319302737212643,93588.07739712,67.4540245240284,1.838482997984686,105588.96108861,59.78742856087235,1.6295272473065399,0,1.98062632,0,0.0,101,0,10,0.0
24toB9K7gCJCNsPF5T6W7AQwXsznBsasemjHWnoBMrWw,do_not_buy,1.045329066040129,25.198784336,60,29.31809328,29.31809328,71334.18577999,100.0,1.045329066040129,59595.33208063,119.69760598611619,1.251233866727062,64201.00720861,111.11069573753257,1.1614723980238386,49113.44826948,145.24369249861522,1.5182745342779715,18248.40036198,390.90651435186976,4.086259415564423,13902.91263673,513.0880675430035,5.363458704410625,0,28.71347616,2,10.06535209,436,0,8,14.13488033
25t4s9PcS3rZcsRvEKFjY8xvZF1ZxWYFhfdXQoUtdBEe,do_not_buy,1.4372452525368198,16.690452441,0,-2.31866176,-14.39443654,41215.9678655,100.0,1.4372452525368198,36685.72866917,112.3487780144248,1.6147274782954508,39901.56881086,103.29410370020906,1.4845896015817142,3354.32430232,1228.7412948412054,17.660025926064673,3002.21660009,1372.8512414548782,19.73123929220303,2879.69072707,1431.2636936340741,20.570769488038863,0,-23.05434375,0,-7.14743338,1051,0,0,16.690452441
26BcYnQcUxCpesk83wMeJs18s9BectD2T36aJDZaxHHQ,definitely_buy,27.10462903366953,62.587927069,29,66.73603724,66.73603724,87272.8295863,100.0,27.10462903366953,135534.94475334,64.39138610719752,17.453046333993704,167343.85130063,52.151799368783536,14.135551753292383,114616.46457198,76.14336204855805,20.63837581702557,167062.90077885,52.23950331248448,14.159323581880424,1703479.48520154,5.12320989741621,1.3886270373109049,0,22.30290139,0,0.472015444,110,0,2,0.594
26U2kSoMvUmi2VNfRGPiavJBexfCLkxNfTAZt88WcfnW,do_not_buy,1.1295858347952166,34.764584,31,-7.77754159,-7.77754159,44217.43817729,100.0,1.1295858347952166,37052.5243184,119.33718144901657,1.3480158972919563,44083.39608597,100.30406480267217,1.1330205077347995,29832.92509533,148.21690476543893,1.6742371610023146,23090.88892343,191.4930097490668,2.1630779127484816,28976.9341696,152.59529499735334,1.723694836854077,0,-6.78595895,0,-4.352644911,495,0,4,13.396634
26h9HaXhuLhJzNP68YMXKxFXhHV4i9XYM4xGx2pCAs4X,do_not_buy,1.4071668012357068,31.746268018,22,35.47677006,35.47677006,74509.26656505,100.0,1.4071668012357068,78623.79451373,94.76681585501258,1.3335271712999133,67757.0938378,109.96526318471341,1.5473946764267579,58425.59630517,127.5284657359274,1.794538231961224,47039.29442632,158.39792555085532,2.2289230221976872,39798.16952791,187.2178229523785,2.6344670505821135,0,-0.48355377,1,1.704926029,150,0,0,6.2875
27yP2GNge5rNe64koTehUJmuexKYTxTnsPveyyYUZbx9,definitely_buy,8.617241134681299,7.82415,26,82.67627354,65.8567512,95295.04049488,100.0,8.617241134681299,78700.54944432,121.08561016121044,10.434239006991666,79483.83682591,119.89235082297374,10.331412972453705,68426.36430477,139.2665553154882,12.000934891499936,109808.63577667,86.78282889215754,7.478285629135086,175197.3356589,54.39297357832794,4.687173693568006,0,29.62528935,1,4.639043891,216,0,6,7.82415
295pB3dSUYAom7b1hndpUyKC9kTQ4RnDbwEDM6UfN6sS,do_not_buy,1.0658672782417586,65.492943952,38,84.91752699,84.91752699,91120.32651343,100.0,1.0658672782417586,89818.730108,101.44913694934779,1.0813131548017676,71307.60133661,127.78487118546221,1.3620171285092233,74401.49336319,122.47109889129135,1.3053793683853798,73241.50158033,124.41078425118144,1.326053839937294,75943.99521641,119.9835829729178,1.278865750170381,0,18.73158658,0,2.718386425,123,0,3,2.973
296ohR6WBVuDkKhRhRrmdVGv8zek2WSnGb3BNKRzk5kz,do_not_buy,1.7912000068620488,13.57378,33,30.11519264,30.11519264,62593.16088265,100.0,1.7912000068620488,66102.79908935,94.69063601685599,1.6960986788316421,71855.90132534,87.10928361923769,1.560301494165267,61015.59075157,102.58551971987488,1.8375118362618674,62895.53525802,99.51924349776252,1.7825886963609814,58843.06235276,106.37305126542944,1.9053541015657427,0,-21.9285141,0,1.485,68,0,5,1.485
29Ba7mGmyTfGMV2SePi1VUi5RFqinzMbtS2uCcw9KLna,do_not_buy,1.076538966154,56209970.048448,34,17.25260027,17.25260027,60362.99835399,100.0,1.076538966154,53624.07669384,112.56697005456158,1.21182729565626,51578.25384184,117.03187653286523,1.259893753697533,40261.34109883,149.92793758612316,1.6140326692656646,52950.74473703,113.99839351414525,1.2272371269693476,62190.65356739,97.06120597137712,1.0449017033008676,0,0.16264897,0,7668969.609132,360,12,4,7668973.203932
2AsWMvpFTg8Ka3c8i8tSwMFkBpVe7awrGZu9M4KwXWBH,do_not_buy,1.2225494247212467,41.677878124,32,-1.54019925,-1.54019925,53485.09710164,100.0,1.2225494247212467,43680.19588074,122.4470175172069,1.4969753082449373,44564.54638065,120.01714691493713,1.4672689391754172,37609.01977424,142.21348342153334,1.7386301234460015,38698.86637267,138.20843377317212,1.689666412010161,35795.55099756,149.41828135369616,1.8267123391179865,0,-18.20371596,0,-1.332119032,250,0,6,4.90523232
2B1Fh2X3rTQw8Whjq8FQvHAenzyfAG3vvHLopdt6Gaud,definitely_buy,8.59783654672315,0.0,12,14.63513196,14.63513196,65259.21724713,100.0,8.59783654672315,55639.75404663,117.28883127779145,10.084302000826405,67794.71502033,96.26003623963953,8.276280575700676,74501.3612423,87.59466425705716,7.531246056472701,123107.87829168,53.00978146379152,4.55769436403194,127885.1083046,51.029567173445976,4.387438776073178,1,-0.56184253,1,-1.683113865,422,0,-2,28.822179434
2BioruGkCRWPsWbD93XKeRg1yq7pAtDbGfYh2QJqN1Yp,maybe_buy,4.730260090252968,0.00495,13,77.86789121,77.86789121,135328.86962524,100.0,4.730260090252968,182770.56939159,74.04303114868287,3.5024279520397195,159865.00093946,84.65196811682897,4.004258263444028,165639.54082642,81.70082393977191,3.864661468230873,233467.90378397,57.96465699647565,2.7418790363563126,147303.90177587,91.8705261664755,4.3457148339582,0,29.82646794,0,0.00495,149,0,4,0.00495
2CCn9UJKrUu9y1HUW74PNngTSYhVJaQywtu33tdbiXz7,do_not_buy,1.396181021483297,46.319018986,78,592.33451262,592.33451262,336165.22232975,100.0,1.396181021483297,291764.97546707,115.2178124847241,1.6086492312799308,300573.38077701,111.84131524246486,1.5615072175926001,328201.64752689,102.42642743047399,1.4300583407676397,351882.10373518,95.53348089073087,1.3338203293587567,391925.10164204,85.77282264425675,1.1975438713496407,0,13.6122701,0,1.966538926,110,0,7,6.40127
2CnsgLtuNfgGKzPXK1Wtk8jUHhcor5D4eLZY6pT39wpw,do_not_buy,1.1700888366019533,13.400231995,39,25.52678517,25.52678517,64333.88064978,100.0,1.1700888366019533,67597.72838824,95.17166062191549,1.1135929765457304,64303.57183968,100.04713394486944,1.1706403456291208,68098.33499312,94.47203174098114,1.1054066971122742,73811.07138277,87.16020434950319,1.019851821052987,69280.77416204,92.8596445809197,1.0865403349495921,0,6.12983124,0,-2.41126502,41,0,2,3.06430099
2DebkcNF7bvQVcivSsa4BvfPKQtu4iAPN9Zt4LsdyjeZ,do_not_buy,1.2706322319790324,0.1485,3,-15.90342956,-10.16798671,56785.23308824,100.0,1.2706322319790324,32662.23218322,173.85594704520233,2.209069700368739,5412.89196529,1049.0738306320081,13.32987022926742,3764.48343937,1508.446882628423,19.166812292959666,3594.2069564,1579.9099433360607,20.074844976269656,2979.80539399,1905.6691823825379,24.21404686624382,0,1.49943164,0,-10.940199199,32,0,2,0.7485
2FFNHjgT22Jpgh32Q2uAH9ZtucbxAqwRp5fYTJzuafMa,do_not_buy,1.3861854325651077,59.547854555,50,10.1001829,10.1001829,59633.60330612,100.0,1.3861854325651077,57241.0260305,104.17982947116488,1.4441256198004586,58963.10988188,101.13714053682581,1.4019483090343798,25499.83643881,233.8587678757006,3.2417161730692117,43259.74400707,137.8501067791201,1.9108580989476087,41458.82386002,143.83814530644824,1.993863416709818,0,2.77151075,0,-4.462624349,416,0,0,1.6292
2Fbk2JkHksfBGryuTA6S6L8CVdqmqAQWZVEuvMcqijQs,maybe_buy,4.792435917553771,42.213845868,85,123.69513258,123.69513258,119266.02962872,100.0,4.792435917553771,107236.08546333,111.21818659587655,5.330060321272761,105719.25420593,112.81391504749203,5.406534584734606,111024.51640554,107.42314714803727,5.148185487689178,140306.94676623,85.00365261845022,4.073745579319245,164409.62474114,72.54199978651022,3.476528853080495,0,35.25183165,0,-1.617474299,954,0,12,10.2727
2Gy1pMVzJNpDRGsZZsjmin1eetpAnG8Nrhy7soTiKpk6,maybe_buy,6.050026007298528,57.317327174,64,55.36199309,55.36199309,88982.09850541,100.0,6.050026007298528,124280.32028233,71.59789925168172,4.331691525406143,16090.13576647,553.0226705161712,33.4580153924852,51867.70692919,171.5558750782808,10.379175059284563,70431.69946447,126.33813919298929,7.643490278312866,156354.96198114,56.91031316047602,3.4430887470438365,1,5.8262119,0,2.821394825,336,0,34,31.287408096
2HBeuiJRNgcoACEHSicHWpEYTfrMgXCbr8mbMfTZXdAT,do_not_buy,1.2264544522544871,25.055874054,0,-17.54514232,-17.54514232,45158.59255855,100.0,1.2264544522544871,45915.19874378,98.35216615427916,1.2062445206878876,33102.42586021,136.42079510804626,1.673138915403605,34518.36881094,130.82481621853975,1.6045067831660311,16456.01243914,274.42001958592357,3.365636548089195,16014.22967119,281.9904140615108,3.458483988188263,1,-2.84091036,0,-1.036494995,0,0,0,19.519632166
2HFZH96bVNiRzQU7aivTr9v9rr5GkvGBraH9m1cd75cP,definitely_buy,7.704317885054386,27.287058549,57,-4.4736185,-4.4736185,56900.3940136,100.0,7.704317885054386,51449.18004732,110.59533691550824,8.520616322017657,61551.26611928,92.44390505848071,7.122172311063225,61285.00273094,92.84554373508021,7.153115831457777,4077.01125175,1395.639857240431,107.52453113232201,2894.05999571,1966.1096901220467,151.47534049586022,0,-14.20259099,1,-6.905229966,92,0,20,8.817497818
2HdNn65sCR8UHYfxqRgNkiAwreWTarkbjT6u8pfR19v6,do_not_buy,1.2108953267238083,102.118365314,65,24.89354757,24.89354757,58219.73596385,100.0,1.2108953267238083,4727.96348917,1231.3914034490683,14.910860958043484,4458.37534501,1305.8509313042016,15.812487901141905,5366.61979258,1084.8492759696862,13.136389184714,4735.51488332,1229.4277897619656,14.887083651671448,4785.36347157,1216.6209799889882,14.732006590628057,0,24.09026897,4,-6.543435869,98,0,10,22.496911209
2Hr9ozHQjkRxZTz5pXFVtsYTSYcfhbJ5NiZAU9NnFmrc,maybe_buy,4.711805793842112,31.378408542,31,32.3434733,32.3434733,75164.87887266,100.0,4.711805793842112,97342.21174005,77.21714714412488,3.638322012976465,100833.51963664,74.54354379726249,3.512347015574646,99158.89244704,75.80245908132243,3.5716646588685466,97758.7500245,76.88813416069908,3.6228195601609157,79123.54623992,94.99685295290425,4.476067221402614,0,2.89933717,1,7.194286654,38,0,0,9.026
2KN7kjG5VdeeV2a4m2LJZN25zmujj9fEKQ8YEFQ2QafB,do_not_buy,2.1329398291501107,54.576282915,38,-26.68602073,-26.68602073,41691.1328845,100.0,2.1329398291501107,50967.76602076,81.79901953622712,1.7447238675424686,40637.06962507,102.593846626135,2.1882650169460103,32412.91049476,128.6250825615921,2.7434956162334116,42500.68504594,98.09520208776651,2.0923116358152627,30081.664657,138.59317082307302,2.956108940967375,0,-29.63922916,0,4.994388798,509,0,11,7.614613109
2Lfvktt4y99Ly2xmTpEVhgdnvAFfXGTEy1Zx8wi9v2R8,do_not_buy,1.0285361243949713,34.251275227,49,58.85336105,58.85336105,86940.61359633,100.0,1.0285361243949713,61535.66004697,141.28492898259069,1.4531665329117258,86463.50608019,100.55180218541857,1.0342116092072022,61768.46137392,140.75243524365692,1.4476896424466508,3483.74592938,2495.6071814284905,25.66822138398718,3231.31118596,2690.567654829584,27.673460281208875,0,5.05448901,0,-3.89300758,122,0,11,0.6052
2MmsEVE5g8xVAsMgsGnCqE348y89Vsw2bsGs4XA42SJx,do_not_buy,1.3194396827893689,7.612325634,37,18.96654253,18.96654253,65036.40166641,100.0,1.3194396827893689,64078.10548611,101.49551266072892,1.3391720702961654,70929.09819031,91.69213105164641,1.2098223630906557,77557.27844237,83.85596164870095,1.1064288343775945,75226.73562165,86.45384001973461,1.1407062725156147,63023.35395842,103.19412976548045,1.3615842984349051,0,0.93489471,0,0.288788598,863,0,4,0.288788598
2Nf5T9g6eaS5vaAdUHQZg3ScB5whF9V9fM3YCZX5bLUa,do_not_buy,1.2883844298862295,18.411272259,67,99.77186648,99.77186648,97099.30201574,100.0,1.2883844298862295,96521.68958629,100.59842759894255,1.2960944778951473,99298.43967651,97.78532505854649,1.2598509027679505,117994.33189684,82.29149693447302,1.0602308336240542,110573.86690715,87.81396973054697,1.1313815132733738,98306.85810432,98.77164613754763,1.272558509978487,0,-7.7506834,0,-1.914964426,156,0,8,2.424
2P6Hf8dHpF6jpARJURk4MEqc9oR7j7GA3LATepN5EjYW,definitely_buy,2546499242.5699954,71.542464271,28,-11.99503088,-11.99503088,79114.1665407,100.0,2546499242.5699954,77477.63470386,102.1122635494685,2600288017.8582926,78784.58345895,100.41833448535233,2557152127.070902,72246.69081627,109.5055920857256,2788559073.034791,125569.46996785,63.004300775463875,1604404042.0337093,133153.94410755,59.41556374537321,1513016880.7446218,0,-7.38395744,0,-4.002361195,56,0,3,0.589576108
2QWSzkMLHSZgnHN5eRxnvYxx3SCWkeAhGvwiTXcauZ5E,do_not_buy,1.3837792171160552,28.735256935,113,45.68465479,45.68465479,71544.53279753,100.0,1.3837792171160552,97622.99156238,73.2865605248471,1.0141241934820133,94220.11243595,75.93339781478753,1.0507505778110866,90353.44368345,79.18296180075181,1.0957173688957484,74796.25438604,95.65256092674487,1.323620258743568,61125.18314713,117.0459197239873,1.619657111622878,0,19.10238794,0,9.695601834,945,0,13,9.7581
2Rg5BGRtNJf9LtSYZix97g7fLJGmdbwmw4vm1iSKCQMz,do_not_buy,1.790221314975829,49.389519082,80,0.77945744,0.77945744,48211.7113134,100.0,1.790221314975829,64724.12744718,74.48800503760296,1.3335001432834377,54219.87678621,88.91888763137491,1.5918448794162798,63278.8331556,76.18931783215633,1.3639574075659429,75039.4126592,64.24851901807781,1.1501906820179284,72671.62751442,66.34186265311521,1.1876661659680576,0,2.95159307,1,-8.402878728,306,0,10,24.542221017
2TAcWadw3teUqNkcDKXaXGv71DX3YEpZ9FNYDUz4WHSF,do_not_buy,2.4313704566105128,19.257292778,67,56.03966027,56.03966027,74395.30319638,100.0,2.4313704566105128,66586.9379837,111.72657198111654,2.716486863332546,60713.14312699,122.53574656935791,2.979297940874498,68813.88852194,108.11088400077912,2.628576093975405,77368.27334621,96.15737818456093,2.3379420850306567,83167.53290854,89.45233866464828,2.174917735039441,0,5.93413533,0,-9.241104321,84,0,7,0.521
2TTx8B2kryJYPpWkXacwEaZFcjM8DqZcd67kZZ5WcCtK,definitely_buy,12.430977903533263,111.532607192,113,252.46277199,252.46277199,201869.68816239,100.0,12.430977903533263,282452.34598209,71.47035279897811,8.884463764018236,321135.98517233,62.861123475172484,7.814252369111453,357514.15383613,56.46481013306087,7.019128070912808,420664.78519137,47.98825460765747,5.9654093265691825,486183.69411568,41.52127901565497,5.161501019700463,0,2.29527558,0,4.423124826,198,0,72,31.4568
2TsHQHVfQYE4k62pc88GUtZjpQqY4t2iWv23xkEX1HsQ,maybe_buy,4.010139553942406,24.1783116,42,51.82098419,51.82098419,84337.06259341,100.0,4.010139553942406,78102.91897887,107.98195982435253,4.330227282038559,85876.4944252,98.20738859673543,3.938253335011612,110053.42440083,76.63283814435668,3.0730837537355113,127456.50844252,66.1692867818077,2.653480741798855,162045.79960821,52.04520129328739,2.0870852029910623,0,-19.80543727,0,-3.543691915,886,0,15,13.3568316
2VJRe4gU1NBuUa86jp5TwhfzBXpSWFBZwUQJVv8dhFpi,do_not_buy,1.292489985291356,1.7938,19,-15.32690447,18.00531751,67586.41916597,100.0,1.292489985291356,64458.22291199,104.85306003277685,1.3552153001951743,43244.38181838,156.28947928964033,2.0200258678826093,57926.81978972,116.67552165182775,1.5080194326363214,54121.43510559,124.87920734938025,1.6140512487019667,33260.70967336,203.20197563343942,2.626365184976386,0,-11.17958913,0,4.90255,658,0,10,4.90255
2VTngp3e3v1YxaozQsTpBonwjwKbpTMS341ys62H477x,do_not_buy,1.083879618369975,34.766837231,46,21.04925929,21.04925929,57300.18320947,100.0,1.083879618369975,53538.09429336,107.02693841789693,1.1600431716769695,53581.38260249,106.94047153387041,1.1591059747443664,53226.67577353,107.65313139838388,1.166830349764131,40578.68243345,141.20759909699794,1.5305203862019456,36132.2677725,158.58451943910575,1.7188652840904382,0,9.30102098,1,4.674687663,513,0,3,12.135216572
2Vdtp8ba1zaEMxA1JyztTqhvtAds1vWCY8xHicBJXRwy,do_not_buy,1.3987286581594576,142.484121876,39,13.44777106,13.44777106,59730.02597916,100.0,1.3987286581594576,62981.00121883,94.83816519782789,1.3265285954946278,79090.67948685,75.5209417426879,1.0563330550668841,66602.95386416,89.68074614375561,1.2543902971639425,38080.36605271,156.8525520381895,2.1939415964126328,69414.10508935,86.04883100095485,1.2035896592215551,0,-23.15619878,0,0.886083196,244,0,8,1.560455893
2WEAgK2FxCpguiCEpQojXJSi8UAayCFLUDiriGCuymr8,definitely_buy,17.162434597964758,42.523548003,36,23.98016998,23.98016998,71008.45888,100.0,17.162434597964758,81053.94646485,87.60641767244938,15.035394136653965,65323.65117222,108.70252596994696,18.655999925927805,62444.97739775,113.71364333708378,19.516029666689914,85336.01461405,83.21042317379202,14.280934455891767,94359.43702045,75.2531608095656,12.915274506842943,0,1.38952265,3,-60.636736951,377,0,21,23.158110316
2WMe2ZizJSDNBmy3BvWcupexAfxoTMaMeCwh1NLrntXq,do_not_buy,1.4170997949301227,24.973320457,66,81.21283633,81.21283633,87421.90435586,100.0,1.4170997949301227,89188.65886629,98.01908164907076,1.3890282050413714,90850.87585548,96.22571442781178,1.3636144018265663,85104.0160285,102.72359453234708,1.455695847462741,108509.45689947,80.5661615621698,1.1417029102805796,83009.60258261,105.31541127288126,1.492424477177816,0,30.60555409,0,7.528849088,160,0,12,9.119136596
2Zmw9kedxciEcRL7rEmLN3XpeBohZngJWMxoHqg382Mt,do_not_buy,1.3082737314187582,100.080003163,38,13.57201629,13.57201629,52861.86067237,100.0,1.3082737314187582,61091.96462319,86.5283364161186,1.132027495565731,45744.34582973,115.55933244544117,1.511832390586581,48394.9282323,109.2301664724624,1.4290295747442052,45823.3250862,115.36015898656318,1.509226656544122,60527.43363546,87.33537422178243,1.1425857591798492,0,2.23588659,0,1.473680981,379,0,8,1.728
2ZqMM2eZ56NXM6gsqmMsqYJGLEzJPcujUYkF3gERJu7F,definitely_buy,97017.94818464405,13.439488991,31,-13.94019679,-13.94019679,49289.9307894,100.0,97017.94818464405,59693.64484558,82.57148799827334,80109.16344145441,55498.20841528,88.81355308008337,86165.08690817661,58321.54247078,84.51410696844141,81993.85250735714,50975.23826277,96.69387033625526,93810.40902055503,57728.20017402,85.38276031613132,82836.6021621231,0,-6.18236591,0,-1.094301291,460,0,7,0.587261261
2a1U8u8czRQvUCdBnWLrntkqs2wYK5g1ebYZCwgnNAdd,do_not_buy,1.0366593057534719,28.589643534,42,9.94124787,9.94124787,58139.45115745,100.0,1.0366593057534719,51861.4683266,112.10529326187624,1.16214995484146,26413.46737599,220.11290804742703,2.281820944438235,21720.75110473,267.6677748256565,2.7748028962334175,21328.0946445,272.59561684495225,2.825887829099276,23437.47642616,248.06190777671353,2.5715568509968962,0,-3.53629255,0,-4.17900209,239,0,16,8.292682478
2agT4acb6MCzXtt9FxBTqYxwL8UDe8ZJWBNqpdSRjyHV,maybe_buy,3.9465392856574537,0.0,67,-26.14599695,-34.56638247,67239.17368944,100.0,3.9465392856574537,88047.156739,76.36722885755239,3.013862688231241,83397.51782139,80.62491000444898,3.1818937473515456,49091.28196666,136.96764679134884,5.405481989261123,91111.07180372,73.79912491238487,2.912511457138686,126361.41630177,53.211791745719886,2.1000242658470656,0,-7.93655679,0,0.0,875,0,0,0.0
2bCg53k31NPtSFbjEyPB5HQ38jA8KDEFZNg4uobzbdLn,do_not_buy,1.3500887084274058,3.4196,3,9.15201865,51.06564946,86521.40870322,100.0,1.3500887084274058,76740.6161495,112.74526195445948,1.5221610509340573,74964.76141119,115.41610628044359,1.5582198185988427,74324.77692927,116.40991372978723,1.5716371007559418,78953.83560086,109.58480743179699,1.479492111288608,72922.23497724,118.64887126707579,1.601865013653359,0,7.76912888,0,3.405171496,166,0,0,3.4196
2c148Fi2uVPxVyiFGp6mKUk6H664FbSCJNaciGSZDVS3,definitely_buy,11.940404624496205,24.477859477,51,-3.90320589,-3.90320589,55038.52151634,100.0,11.940404624496205,55314.64100281,99.50082025036379,11.880800542586094,58675.38638588,93.80171977799672,11.200304886228892,53231.1302285,103.3953652309872,12.345824971555537,82633.41710699,66.60564629086876,7.952983669890479,83078.53294976,66.24878842001627,7.910373396176329,0,-9.11253946,0,-0.916564683,516,0,15,6.81929
2d6EA939QPxZCyKGWPvN6pYNgwxBTXyTBwRASKzspjT8,do_not_buy,1.0383142764679842,25.493118513,46,267785.67783517,267785.67783517,125984407.843862,100.0,1.0383142764679842,125607307.645666,100.30022154384504,1.0414315196187598,125495223.469192,100.38980318226223,1.0423616585595394,125346548.16022,100.50887694396393,1.0435980184268157,126565869.254925,99.54058593008844,1.03354411459199,128367309.416684,98.14368503659523,1.019039893186741,0,0.61257822,1,8.958536499,68,0,6,8.958536499
2dazAxKNSXcPBiYRubTWivaEy27gvC6wua7CVXhVQvK6,maybe_buy,3.159540796087461,231.549351227,22,0.0,0.0,48595.19363461,100.0,3.159540796087461,95989.34979043,50.62560975848476,1.5995367935873608,138689.66470373,35.0387995662254,1.1070651667542077,48595.19363461,100.0,3.159540796087461,67180.43555471,72.33533577649305,2.2854644438451466,12978.62101412,374.4249376088661,11.830108654477147,0,0.0,0,73.521120554,67,3,22,98.121797484
2exZ877TEorjJbQpjCRHrFgo6scVjaiL9uJUFVAmay65,definitely_buy,1482743.9808386518,25.671081652,0,-4.11872749,-21.34367383,43321.49104697,100.0,1482743.9808386518,62573.94152427,69.23247919450188,1026540.4180418485,61480.78485355,70.46346456077902,1044792.7794653274,63036.02936994,68.7249680539503,1019015.3271532345,48429.23748273,89.45317601256588,1326361.5829953253,15522.33561402,279.0913179833671,4138209.7184416377,0,4.43860071,2,-27.744712913,362,0,0,25.671081652
2gHNLd2RnHAPxcoc6GWdQ8tYSP5WfbF4EJbzybm18X9q,do_not_buy,1.0636645139779395,11.081919373,29,8.22908262,8.22908262,55362.1484446,100.0,1.0636645139779395,51191.14702619,108.14789599513381,1.1503307923140076,48508.95949141,114.12767667054075,1.2139355973720216,47029.84945948,117.71704370922758,1.252114420838954,39474.41780046,140.2481696486347,1.4917700120561064,42348.4632663,130.7300057063842,1.390528679820144,0,-5.15319674,0,-2.711493171,542,0,1,1.7171
2hNK8GzxEHpLZkKEtFaGcXDYypVaH3ox5VGuENMM8wtP,do_not_buy,1.4554083904206188,6.800716424,15,30.86842848,30.86842848,62734.7007728,100.0,1.4554083904206188,58991.68461994,106.34498942855211,1.5477538989350674,60673.23438674,103.39765368847804,1.5048581272801638,58055.36683222,108.06012294109392,1.572716095983517,55143.99969327,113.76523487913846,1.6557487738127052,60728.32011049,103.30386326949198,1.5034930936528301,0,-4.20305508,0,-0.345098162,124,0,6,0.314368967
2kjtpUihqjGvakTkQNKNsqkmN5U44w49gXa1ih5EjzJh,do_not_buy,1.2957585868179522,10.70273884,41,7.48208481,7.48208481,57938.96898188,100.0,1.2957585868179522,56589.65298479,102.38438641327711,1.3266544785109111,62283.52403454,93.02455164506961,1.20537361578989,58144.82188163,99.64596520706681,1.2911711505881973,64628.89726248,89.64870427321401,1.161630783591203,58070.71498005,99.77312833462571,1.292818877732808,0,-3.53403541,0,-0.036729335,243,0,5,1.486049504
2nLq3SwWgbeKznT4cDesrvHNCbcxV5EojS6hifyjcVmR,definitely_buy,17.653577266375848,0.3465,8,-26.81161552,-26.81161552,48700.47547126,100.0,17.653577266375848,51335.14463795,94.86770869105081,16.74754425461501,53705.326881,90.68090317962363,16.00842330866233,80845.65111847,60.23883139971876,10.634308645511227,63235.54653479,77.01439797704079,13.595796253111093,65991.61864414,73.7979708209272,13.027981799889886,0,-21.48458011,0,-1.014417079,299,0,4,0.3465
2nSyu4TyxqUS6YKgVx1QnaLqRWHK2S1jzp9vsZQcpRFn,definitely_buy,8.189422110357532,0.0,7,48.85547538,48.85547538,79959.66551535,100.0,8.189422110357532,115924.0671764,68.97589729462867,5.648727383863823,141901.51157043,56.34870596544956,4.61463338523488,159705.84168521,50.06683830197984,4.1001847258592905,204581.95609702,39.08441733611653,3.2007879150283394,194515.84430472,41.1070192256877,3.36642732137739,0,7.3038168,0,0.0,207,0,2,0.0
2oDLPV79YLdnTtMjzc1TgA2gvxovLaNyZqSMHK4eBQAJ,maybe_buy,3.2853939402305996,124.097809803,142,104.55546288,104.55546288,98732.6520785,100.0,3.2853939402305996,123649.39897579,79.84887342463462,2.623350048835347,120734.28949587,81.77681128597472,2.6866904025032263,119799.03464302,82.41523178605395,2.7076650309260195,139228.6487588,70.91403454582444,2.32980539374155,162957.84861162,60.5878470535108,1.9905494556122278,0,10.94239465,1,1.063331634,1049,0,64,30.552548234
2oGVitjzxUECEsfBxXdTobkekAkSStbTJtpNJoqSNfgd,definitely_buy,5847858.953240957,0.0,17,4.89797028,-12.37388867,49450.5827833,100.0,5847858.953240957,49420.25182414,100.06137354230393,5851447.991429498,35431.47265818,139.56682879192556,8161671.293263097,42173.77824489,117.25433395166982,6856868.066055775,46618.16764903,106.0757753406229,6203161.725476379,42087.91906786,117.4935322974008,6870856.047932608,0,6.67985316,0,0.0,521,0,6,0.0
2p6swo6gCumeM5hxZ8FijEncwEmRkFkAWw2y7m68n3TX,definitely_buy,133.2321375706961,0.0,9,29.23672756,14.47229559,84259.13290657,100.0,133.2321375706961,93203.92473185,90.40298801685186,120.44583336263199,88140.0345363,95.59689118554671,127.36578157763624,91762.44247662,91.82311480869555,122.33789864361947,126784.02278659,66.45879429807943,88.54447224704312,133538.95051893,63.09704590244305,84.06554299978819,0,6.63992315,0,0.0,70,0,3,0.0
2pixhLgMgg3N9ktV34ZEuPfRUZf851UM3w2eszig4dXn,do_not_buy,1.1531699371714246,41.697656395,22,1.51226898,1.51226898,56010.65989652,100.0,1.1531699371714246,50351.08619094,111.24022167886889,1.2827887944435659,50733.87695406,110.40090617801235,1.2731100604096683,52325.70319734,107.04234529879635,1.2343801460289492,55949.40196679,100.10948808669369,1.1544325208719604,58146.20525287,96.32728335914132,1.1108172729915502,0,20.02070895,1,5.705280906,554,0,7,6.63168
2pztMTZGgExCxXE162RTy35dZAeMs5AmS2AmNEq314Ji,do_not_buy,1.4426219891546863,0.0,6,21.06761717,21.06761717,67181.59049513,100.0,1.4426219891546863,68661.45052273,97.84470031388268,1.4115291619505759,69483.96541244,96.68646585777933,1.3948202170008628,96917.63971466,69.31822802631453,1.0,74667.20919972,89.9746906509289,1.2979946720042062,74288.36072007,90.43353473403538,1.3046140576430352,0,0.98489936,0,0.0,54,0,2,0.0
2qapPeTvhorsZkW7XDtvNZJAkGQSdQy2EPfG9oZfEfJT,do_not_buy,1.9451617337149596,0.0,34,28.19936375,28.19936375,60803.53274552,100.0,1.9451617337149596,61837.64956534,98.3276906106735,1.9126326114044583,63360.73561088,95.96405748654078,1.8666561243484172,70667.63090289,86.04156099286102,1.6736475195241498,107753.76557986,56.42822078496776,1.0976201577253841,57711.43870779,105.35785297848177,2.049380639601094,0,-7.6682458,0,0.0,266,0,0,0.0
2ri6B9r68w7DyLJcBcEAwZ4WrzEzLoBXnru3Xqk6m8zR,do_not_buy,1.4248219009892453,59.684551904,34,-1.35516364,-1.35516364,47251.52853934,100.0,1.4248219009892453,46205.83574491,102.26311845153712,1.457067308332075,49100.48064059,96.23435030140718,1.3711680993691593,59778.59440326,79.04422814057193,1.126239474014773,42953.04882766,110.00739139362781,1.5674094052833671,34211.37255303,138.11643618243275,1.9679132315931362,0,-5.25110283,2,3.698909192,530,0,8,18.112706165
2rkRJXikU9HJK15JEayDjzzJL88HRG9hyRdNmgNy23eK,do_not_buy,1.1219936074291113,0.2495,13,-6.21796064,22.53447416,66715.95176132,100.0,1.1219936074291113,66532.35961237,100.27594414209815,1.1250896830635275,61704.34495661,108.12196743719444,1.213121562871907,63813.54919026,104.54825441914615,1.1730247312615432,44813.1847614,148.87572065350292,1.6703760687463238,50745.63677439,131.47130670156415,1.4750996567950705,0,-4.02654739,0,-3.140094911,211,0,0,0.2495
2rq1Es4rNuz5oundoydRGAxLy7iQs1nKc3XN6jeY6tZd,do_not_buy,1.2869529460651938,0.0,10,1.55433561,34.77685304,71627.33929151,100.0,1.2869529460651938,78153.33615246,91.64975267566413,1.1794891921209234,86275.15504753,83.0219768971144,1.0684537775589784,47437.83393321,150.9920107068075,1.9431961301143317,69206.15690965,103.4985071993246,1.3319770875352048,71549.03131404,100.10944659352032,1.2883614722248715,0,2.28795043,0,0.0,182,0,4,0.0
2t3yWDcf2zU3todZEdUVsyoFuV9juSHKGPpsYafkPJqN,do_not_buy,2.036088303793328,41.142195962,57,53.65204897,53.65204897,88002.74433256,100.0,2.036088303793328,122146.27147345,72.04701647539726,1.4669408756876159,129873.41501484,67.76039909515305,1.3796615605800913,100546.02818257,87.52483407178046,1.7820829094500397,16628.58790391,529.2256013625022,10.775500570021812,12464.54794801,706.0243556334498,14.375279326984883,0,6.57221414,0,2.809814333,170,0,11,15.672363559
2tYqAtBQvwKfLoJZRZE5zu2gSPvrdhPTagQoP3WUNkqg,do_not_buy,2.7852937731423375,19.355329413,63,51.5126104,51.5126104,70542.57077528,100.0,2.7852937731423375,71363.73803693,98.84932140014155,2.7532439937515987,67224.08088374,104.93646004216721,2.9227886873104807,60616.98249012,116.37426984554664,3.2413652915478712,64944.85010484,108.61919099267092,3.025363563156446,57357.98218494,122.98649305310074,3.4255351328141486,0,17.10572814,0,-2.67037671,1107,0,5,2.674414248
2toJQ4D6sHK9r2UcCxAH2tRVZ2uVQQViXbCjVnNsE3sL,maybe_buy,4.810292037007182,54.6127806,39,11.77352532,11.77352532,62794.31153046,100.0,4.810292037007182,77516.30089286,81.00787938430116,3.896715571371421,102548.01880411,61.23405626237537,2.94553693232554,130745.41465761,48.02792640560497,2.3102835194284856,247557.74388229,25.365521007623077,1.2201556371750766,221895.88324491,28.29899798598468,1.3612644466726438,0,-13.79096644,2,-5.060213289,231,0,11,20.484
2vL7vN4QiVjbjbFGFh6h9knPDLaGbmCmR69ihmzLewHe,do_not_buy,1.9485793711611041,76.939606585,91,-48.68056109,-48.68056109,56321.99800772,100.0,1.9485793711611041,87191.15177068,64.59600184643914,1.258704366574559,63747.17784354,88.35214344069594,1.7216116410640696,6454.51162396,872.5989089344157,17.003282332472892,8437.00877243,667.5588413723827,13.007913873344329,3419.13446256,1647.2589371507247,32.09814783892668,0,-25.93051544,0,-5.567125912,891,0,23,25.4137675
2yEyfvFqinw21TfNTLGH4S1Tin1zGVPf1qRbB4txug8Z,do_not_buy,1.4473339315970897,40.139740526,38,-6.63579506,-6.63579506,44729.59971557,100.0,1.4473339315970897,47696.37399326,93.77987459149571,1.357307945971915,38777.39996718,115.34966179637564,1.6694947951614296,14500.57303502,308.46780749660434,4.464559245951945,14536.46517706,307.7061663254819,4.453535754845277,10778.32911548,414.9956754551934,6.006373225523549,0,-11.2696747,0,6.996473005,442,0,2,10.53285
2z8vcEzFi8rxZqS81h6i6TVn7poSwUisen7rwvJiT1Sk,do_not_buy,2.881099266500368,41.572615055,53,5.39208413,5.39208413,59108.48094021,100.0,2.881099266500368,51875.55395338,113.94284289152874,3.2828064107775012,45251.68299265,130.62161897892435,3.763338506292695,57365.73879185,103.03794945391269,2.9686256059336986,75979.87066454,77.79492176445109,2.241348920330135,93837.38127063,62.99033513066532,1.814814083415722,0,-11.53025929,0,0.729125807,491,0,19,5.6519
2zjfxLyRa1hJjgV7zgMgeLobGftqusqtUU41aEguBnTj,do_not_buy,2.966391802683796,44.252546891,8,10.73280257,10.73280257,58879.61595149,100.0,2.966391802683796,53720.95681591,109.60269407199428,3.2512453324722372,57190.55698394,102.95338786090913,3.0540008580912628,81007.98870645,72.6837153862109,2.1560837751025814,97992.48490728,60.085848427256025,1.7823816823191334,102409.36158799,57.494368716380194,1.7055082406074988,0,1.24769764,0,-3.797432463,697,0,0,16.017956891
31RvVP4MsrwjGZh6dZ4oNB7hugts78HoCvGVh899i38G,do_not_buy,1.8859528629246796,302.866067802,183,76.96626131,76.96626131,101355.73690417,100.0,1.8859528629246796,63021.06649298,160.82834287715545,3.0331467368860334,72660.59572696,139.4920257535997,2.630753853251645,40763.96405243,248.64053155823552,4.689243223313684,39985.27208477,253.4826740438148,4.780563748147359,24928.9647385,406.5782031759923,7.667873262825347,3,52.02660898,7,15.270587052,496,0,89,106.93105547
31jqJRyMvyzYxgx4GTDaxqQQYUq8EM2WMqsoJ6xdrP5f,do_not_buy,1.2500848521865384,36.55626016,82,-20.00543017,-20.00543017,45816.12626727,100.0,1.2500848521865384,39473.71794794,116.06742067644782,1.4509412441999003,40258.48280464,113.80490042210299,1.4226578212226832,27107.49382198,169.01645931620644,2.11284915561392,23786.91942263,192.61059178466894,2.407795831606996,12951.14886612,353.76109672497284,4.422313883087854,0,5.40762043,1,1.564106759,205,0,16,10.302017922
32uJtKZPuv9fk5yxcNXCmrk5WppzmXJrJrFd3bW7Yt4u,maybe_buy,5.1508865487423146,60.666853826,20,22.92136662,22.92136662,59028.25596575,100.0,5.1508865487423146,71312.18496785,82.77443187635042,4.2636170773168045,72667.84647949,81.2302260565962,4.184076787462188,111556.76556537,52.91320133440104,2.725498970042602,181167.52634079,32.582139392196225,1.6782690352451062,254277.6466463,23.214095593647784,1.195731727345386,0,142.00694105,10,32.226776626,195,0,-1,43.933018408
3A2tbPJ4q7oLej34mjiLMi2aqFWNT3Mi4kgDnw2VEe5G,do_not_buy,2.247368627691673,24.370085359,26,19.07279139,19.07279139,65489.18879217,100.0,2.247368627691673,67553.60535876,96.94403199410836,2.1786897614549696,53680.1039415,121.99899773580808,2.7417672012128254,51397.85099429,127.41620033772516,2.863511712986807,72981.45699901,89.73401119281351,2.0166540159166253,86129.09650159,76.03608008469126,1.7088110095498679,1,7.24040421,0,-2.454234008,265,0,3,11.724949357
3ATetjmxKYM6idFAJ389JrQTWVsVKVsvZvrgZH7SE47i,do_not_buy,1.3301278505190848,15.3865761,39,-5.99244795,-5.99244795,43678.37037247,100.0,1.3301278505190848,43804.99029318,99.71094635596869,1.326283067496884,40853.18776204,106.915452049632,1.422112204220533,45576.68472775,95.83490030786689,1.2747266995121376,35055.04172314,124.59939633629848,1.6573312722477622,24971.89650679,174.91010488768288,2.326528018483213,0,-19.47288075,0,-2.395135642,405,0,6,5.34532
3B11ktLkyHmfQ4Z25TNZVTvSayLRoNqaABZJ52PNoraJ,do_not_buy,1.1845946295864704,58.984929303,71,3.29043252,3.29043252,57059.2857409,100.0,1.1845946295864704,42000.43781985,135.8540260595402,1.6093194967783173,45391.32361493,125.70526963468456,1.4890978731996654,26220.85415747,217.6103242031286,2.577800213935969,12399.40497398,460.177612237347,5.451239281122865,9930.17290521,574.6051582945053,6.806741846483547,0,-15.58293656,1,4.640852909,528,0,15,15.9588925
3BNrkh2QsumgxWQdTN74SBEuLmUiAn8Z78YwCaSqhXPg,do_not_buy,2.0898555080604746,89.804686292,37,97.00316033,97.00316033,95031.31278934,100.0,2.0898555080604746,108790.70661439,87.35241800219173,1.8255393190428133,125724.27168568,75.58708554456798,1.5796608706355366,119197.38226803,79.72600654572294,1.6661583391524453,142864.64974234,66.51842352935549,1.3901389380032303,143075.23503926,66.42051838199902,1.3880928618885264,0,63.87742471,2,-8.785380645,728,0,0,16.0701
3CF4CkRqHX7MAxT2SvF2oCRTH6LXyNJMFSntpRqS9a8e,do_not_buy,1.8216117094174964,48.056927848,92,58.9940418,58.9940418,76774.40531135,100.0,1.8216117094174964,80761.22400212,95.06344939662462,1.7316869255850904,76204.05291058,100.748454155633,1.835245637956129,85175.5495967,90.13667146836292,1.6419401619468785,109686.26871923,69.99454554140563,1.275028837535807,91026.67106202,84.34275846366019,1.5363975642197505,0,46.40894121,1,4.51524871,114,0,16,5.97932
3DTgH4B7p1bUHRo7Sr3U3XGSvB5p2DCfcVMzTRknFjzt,definitely_buy,81.1884720654499,142.985205393,19,-8.15997215,-8.15997215,52600.49927847,100.0,81.1884720654499,51905.27265193,101.33941426567992,82.27592204238209,46883.05898544,112.19510931401813,91.08949498421258,60205.01235167,87.36897016351321,70.93353193507518,68943.25579135,76.29535140849781,61.94303006552508,75745.46911797,69.44375669064404,56.38032500198253,0,-1.93746075,0,0.5668,218,0,1,0.5668
3Dext2f7oNAY51PJCsNJePo7Kcehq2do1f7EA4sNgGq9,definitely_buy,18.670895771852077,0.0,20,21.181484,21.181484,68586.54245361,100.0,18.670895771852077,73701.37755034,93.06005495862486,17.375145866553108,66681.05161876,102.85761965144819,19.204438958529934,82469.29793121,83.16615294921026,15.527865734606129,85462.80424597,80.25309145743857,14.98397105970748,120844.07700091,56.75623014034319,10.59689657353597,0,28.41671857,0,0.0,71,0,6,0.0
3GRCHY7gAkjTVdqFShgsKiBcXvvwGVqjg3CSKeoRUr5u,do_not_buy,1.1407673844319643,401.502680647,82,1428.76697533,1428.76697533,815093.86677086,100.0,1.1407673844319643,496831.47671207,164.05841919779036,1.8715249376230607,781090.7914788,104.35328077900954,1.1904281917116508,838561.92702798,97.2013921094301,1.1088417783982036,438991.36137454,185.67423837651228,2.11811115269171,155073.27877579,525.6185161012486,5.996084598218317,3,43.18115135,2,-144.724515201,117,1,13,108.186922
3HPS1NtgqmXUfo97oaveutqzTwKK59YKy4oW7G8VnzY4,do_not_buy,1.5061904976355154,7.322187964,10,3.81162382,3.81162382,57809.65422745,100.0,1.5061904976355154,58939.29568977,98.08338147054569,1.477322571468953,60879.59513735,94.95735656097264,1.4302386813272445,56037.61453584,103.16223255805555,1.5538197439380845,63985.2663347,90.34838414996035,1.3608187768339348,58509.79627935,98.80337636357983,1.4881670661312942,0,7.18771978,0,0.279499987,71,0,-1,0.533247301
3KN7kgFqvhBi9Z9nfb7bus8iiGh4HJLs92pgyVvMLLZH,definitely_buy,26.864484213197546,0.0,25,-17.93601973,-17.93601973,41177.80676184,100.0,26.864484213197546,59623.17684553,69.06342288422886,18.553532337827523,50039.07129058,82.29130897077988,22.107135707288776,60690.88394278,67.84842152021196,18.227128488201068,37672.47090133,109.30476758397667,29.364162031869682,30727.58124251,134.0092682103877,36.000898702601155,0,-16.68401331,0,0.0,735,0,4,0.0
3KxpJqEyJq97BfXmn4RJ95AkSoCcX6xCqfhWzYY37ufh,do_not_buy,1.3857168778098679,64.932554816,106,5.10147369,5.10147369,58664.63145158,100.0,1.3857168778098679,56302.44915681,104.19552316132996,1.4438549503688394,80508.15198779,72.86793946093456,1.009743335622447,60593.65284049,96.81646294870508,1.3416020675787437,20172.33839162,290.81720875726774,4.029903145325016,7240.38516118,810.2418606970784,11.227658214760135,0,-23.37594156,2,13.04062373,336,0,26,30.405468692
3Lm3wV43g3WyUpXBFMCk8AVX58x6bwE6pUfRcHsapS94,do_not_buy,1.7517719004992256,7.333319088,19,15.40129952,15.40129952,66094.99271753,100.0,1.7517719004992256,49086.31425763,134.6505512119524,2.358770519998302,48989.7924677,134.91584550211724,2.363417870827038,49941.16303692,132.34572184205632,2.318395166742009,96464.31252911,68.51755948354946,1.2002713539406618,89887.98913558,73.53039416404953,1.288084783292142,0,4.47809499,0,3.842076915,157,0,3,4.185
3N5C6TLqxhWDBXTFwmCJqufRe5VCMHBjBVyYtGhfyPq8,do_not_buy,2.096656307613317,16.73190973,42,39.65876561,39.65876561,66299.82154964,100.0,2.096656307613317,61792.72859513,107.29388887168385,2.249584088711782,71935.00558585,92.16628400829863,1.9324102071527969,49858.54540555,132.97584398091934,2.7880464204279884,69083.97509607,95.96989961484078,2.0121589536847275,89862.45155148,73.77922636759853,1.546896803344562,0,7.20223984,0,1.273030404,302,0,3,1.4604
